:020000040800F2
:10000000A08B0024A503000855EA000823A80008D7
:1000100079E70008AF070008A934010800000000D4
:10002000000000000000000000000000E5020008E1
:100030004F2600080000000041030008C9F800082E
:10004000C3030008C3030008C3030008C303000878
:10005000C3030008C303000851260008C3030008B7
:1000600067260008C3030008C3030008811A0008BC
:10007000C3030008911A0008C3030008C303000863
:10008000C3030008C3030008C3030008A92600082F
:10009000C9260008B9260008D926000871260008DC
:1000A000C3030008A9FA0008C3030008C30300083B
:1000B000B9FA0008C3030008C3030008C30300081B
:1000C000C3030008C3030008C3030008C3030008F8
:1000D000C3030008350A0108C3030008C30300086E
:1000E0005B260008C303000800000000C9FA0008EE
:1000F000C3030008C3030008C3030008C3030008C8
:10010000C3030008C3030008C3030008C3030008B7
:10011000C30300085D000108C3030008C30300080F
:10012000C3030008C3030008C3030008C303000897
:10013000C3030008C3030008C3030008C303000887
:1001400000000000000000000000000000000000AF
:10015000C3030008C3030008C3030008C303000867
:10016000C3030008C3030008C3030008C303000857
:10017000C303000859EA0008C30300080000000098
:10018000C3030008C3030008C30300086D0001088F
:10019000C3030008C303000855F60008C3030008A2
:1001A000C3030008C3030008C303000800000000E5
:1001B000C3030008C3030008C3030008C303000807
:1001C000C3030008C3030008000000000000000093
:1001D0000000000000000000C30300080000000051
:1001E000000000000000000000000000000000000F
:1001F0000000000000000000C3030008C303000863
:10020000C3030008C303000800000000C303000884
:10021000C3030008C3030008C3030008C3030008A6
:10022000C303000800000000C30300080000000032
:10023000C3030008C303000800000000C303000854
:10024000C303000821070008C3030008C303000814
:10025000C3030008C3030008C3030008C303000866
:10026000C3030008C3030008C3030008C303000856
:10027000C3030008C3030008C30300080000000014
:10028000C3030008C3030008C3030008C303000836
:1002900000000000C3030008C303000800000000C2
:1002A00000000000C3030008C3030008C3030008E4
:1002B000C3030008C3030008C3030008E9260008BD
:1002C000F9260008C3030008C3030008DFF810D0B4
:1002D00000F054F900480047DD6B0108AFF30080DF
:1002E000A08B00242C4B19680868B0E8F04F80F30D
:1002F0000988BFF36F8F4FF0000080F311887047BB
:100300000000000008480068006880F308884FF08B
:10031000000080F3148862B661B6BFF34F8FBFF35D
:100320006F8F00DF00BF00BF08ED00E0DFF80C00BA
:10033000016841F470010160704700BF88ED00E082
:10034000EFF30980BFF36F8F134B1A681EF0100F85
:1003500008BF20ED108A20E9F04F106009B44FF07B
:10036000500080F31188BFF34F8FBFF36F8F17F0EA
:100370009FFE4FF0000080F3118809BC19680868DF
:10038000B0E8F04F1EF0100F08BFB0EC108A80F3F9
:100390000988BFF36F8F704724000024EFF30580B6
:1003A00070470000074880470748804707480047D4
:1003B000FEE7FEE7FEE7FEE7FEE7FEE7FEE7FEE715
:1003C000FEE7FEE7852600089DF90008CD0200083B
:1003D0002DE9F05F0546002092469B46884606467A
:1003E000814640241BE0284641464746224600F00D
:1003F00053F853465A46C01A914110D31146184635
:10040000224600F03AF82D1A67EB01084F462246C3
:100410000120002100F031F817EB00094E41201EA9
:10042000A4F10104DFDC484631462A464346BDE8D4
:10043000F09F40EA01039B0703D009E008C9121F9F
:1004400008C0042AFAD203E011F8013B00F8013B8E
:10045000521EF9D27047D2B201E000F8012B491EBA
:10046000FBD270470022F6E710B513460A46044651
:100470001946FFF7F0FF204610BD202A04DB203A82
:1004800000FA02F1002070479140C2F1200320FAE7
:1004900003F3194390407047202A04DB203A21FAE5
:1004A00002F00021704721FA02F3D040C2F120028D
:1004B000914008431946704710B541000CD0C0F375
:1004C000C751962908DC7E2909DC06DB410204D0ED
:1004D00000F0004040F07E5010BD002010BDC1F182
:1004E0009604C4F1200100FA01F1E04000F058F850
:1004F000A04010BD2DE9FE4FC3F30A5701F000459F
:100500000024C1F30A56C3F31303C1F3130143F4E8
:10051000801312EB020AA64641F48011009543EBCA
:10052000030CA7F1010B16E0B0EB0A0061EB0C0124
:10053000071E71F1000707DA4FF00008D0EB080042
:1005400085F0004568EB0101171A73EB0107EBD347
:10055000761E001849415E45F6DA50EA010209D0DC
:10056000CDE900E500221346029600F05FF803B0E3
:10057000BDE8F08F20460099F9E70000064C074DD2
:1005800006E0E06840F0010394E807009847103463
:10059000AC42F6D3FFF79EFE1C8E01083C8E01088C
:1005A0000029A8BF7047401C490008BF20F0010087
:1005B000704710B4B0FA80FC00FA0CF050EA010465
:1005C00004BF10BC704749B1CCF1200421FA04F4F7
:1005D00011FA0CF118BF012121430843A3EB0C01D0
:1005E000CB1D4FEA00614FEA102042BF002010BC33
:1005F000704700EBC35010440029A4BF10BC7047E3
:10060000401C490008BF20F0010010BC704710B525
:10061000141E73F1000408DA401C41F10001921825
:100620005B411A4301D120F0010010BD2DE9F04DCE
:1006300092469B4611B1B1FA81F202E0B0FA80F223
:1006400020329046FFF719FF04460F4640EA0A00A1
:1006500041EA0B0153465A46084313D0114653EA68
:10066000010019D0C8F140025046FFF715FF0546BA
:100670000E46504659464246FFF7FFFE084305D056
:10068000012004E020463946BDE8F08D00200543F6
:1006900046EAE0762C4337430A986305E40AA0EB68
:1006A00008000022FD0A44EA47540A3002D500201F
:1006B0000146E9E7010510196941DDE9084500191E
:1006C0006941BDE8F04DA2E770B58C1810F8015BE8
:1006D00015F0070301D110F8013B2A1106D110F8DB
:1006E000012B03E010F8016B01F8016B5B1EF9D1DF
:1006F0002B0705D40023521E0DD401F8013BFAE765
:1007000010F8013BCB1A921C03E013F8015B01F8CF
:10071000015B521EF9D5A142D8D3002070BD000064
:1007200010B5024802F04CFF10BD0000C0060024C6
:1007300010B50649064800F0B5F80649064800F02D
:10074000B1F80649064800F0ADF810BD9C530024EE
:1007500058040024BC530024F8040024DC53002473
:100760009805002408B5242000900548006800F191
:100770002401044BA3F13202014810F063F908BDD3
:10078000D00700245E6200240021416001214170F5
:10079000704701464878704701214170002141604F
:1007A000704702214170704701214170704700BFBE
:1007B000FEE70346042B15D007DC7BB1012B0ED0DE
:1007C000022B0DD0032B12D10BE0202B0BD0212BB1
:1007D0000AD0222B09D0232B09D107E008E007E03B
:1007E00006E005E004E003E002E001E000E000BF15
:1007F00000BF0020704700207047000010B50022A5
:100800000449054810F0DBFB0449034810F0C8FB1D
:10081000002010BD9C780024806B00249C70002474
:1008200070B505460C46294609482268FFF701FEC7
:1008300008492068086001200749087029460748D0
:1008400010F0AEFB054810F077FB002070BD0000F3
:100850005C700024AC030024A8030024806B0024F7
:1008600010B503460C460021084610BD2DE9F041A5
:1008700004460D4600260A48D0F8BC72D7F8140288
:1008800010B10120BDE8F0812A462146044810F04D
:1008900096FB034810F046FC06463046F2E700009F
:1008A000806B002438B505460C460020206060604F
:1008B0000220A0600120E0600020206160612146EC
:1008C000284603F06AFF01200346022211460090E9
:1008D000284603F0B6FF01221146284603F027FF01
:1008E000284604F0FEFD00220121284603F082FE86
:1008F00038BD000000BF00BF774890F88100012894
:10090000FAD100BF75488089B0F57A7F03DB0020FB
:100910007349086002E0012071490860704800686E
:1009200010B101285AD15AE001206E4908806B4964
:1009300088889FED6D1ADFED6D0A9FED6D0A40F21C
:10094000D6624FF4827115F0ADFF6A49087008460F
:10095000007855280BDA0846007800EB400066491D
:100960000870002065490870654908702EE06148EC
:100970000078552817DB5F480078AA2813DC5D480B
:100980000078553800EB4000C0F1FF005A4908706C
:1009900058480078553800EB40005849087000204E
:1009A0005749087012E000205349087051480078F8
:1009B000AA3800EB4000C0F1FF00504908704D48D4
:1009C0000078AA3800EB40004D4908704B48027887
:1009D000494801784A48007812F068FD36E03F48FF
:1009E000C08940F24C41884211DB4648007848BB40
:1009F00045480078401C444908700846007804289F
:100A000001D10020087001203E4908701EE03348E3
:100A1000C089B0F57A7F16DB0120324908802F4962
:100A200048889FED311ADFED310A9FED310A40F21F
:100A3000D6624FF4827115F035FF3449086000200A
:100A40003049087002E000202649088000BF244891
:100A50000068012832D12E480068401C2C490860EB
:100A60002948007830B1012807D0022808D003288F
:100A70000CD108E009F010FF08E012F059FD05E084
:100A800012F056FD02E012F053FD00BF00BF1E48F9
:100A9000007830B1012807D0022808D003280CD1F3
:100AA00008E00DF089FA08E012F042FD05E012F0CE
:100AB0003FFD02E012F03CFD00BF09E0084800687D
:100AC00030B900224FF4FA71104800680DF0CCFFE5
:100AD000012016F0C9F815E7380600242402002486
:100AE000AC00002436030024CDCC4C3D00007F43F5
:100AF00000000000B3000024B1000024B200002474
:100B0000B0000024B4000024340300244003002477
:100B1000440300241CB58348008AB0F57A7F6EDD5B
:100B20008148006810B1012868D169E07F4890EDE4
:100B3000000A7F480DF05EFFB7EEC00AB0EE041B5E
:100B400020EE010BB7EEC00B7A4880ED000A774823
:100B500090ED000A7648B8300DF04CFFB7EEC00AB1
:100B6000B0EE041B20EE010BB7EEC00B714880ED18
:100B7000010A6E4890ED000A6F480DF03BFFB7EE9A
:100B8000C00AB0EE041B20EE010BB7EEC00B6948A3
:100B900080ED020A002190ED020ABDEEC00A10EEBF
:100BA000100A00B2CDE90001624890ED010ABDEEE5
:100BB000C00A10EE100A03B25E4890ED000AB1EED2
:100BC000400ABDEEC00A10EE100A02B240F2FE4129
:100BD0005A4801F0CBFC5648D0F8A8005849884242
:100BE0000CDC5348D0F86001884207DC5048D0F84C
:100BF0001802884202DC01204B49086053E053E0B0
:100C00009FED500A4A480DF0F5FEB7EEC00A9FED81
:100C10004E1B20EE010BB7EEC00B464880ED000ADC
:100C20009FED480A4248B8300DF0E4FEB7EEC00A26
:100C30009FED451B20EE010BB7EEC00B3D4880ED4C
:100C4000010A9FED400A3C480DF0D4FEB7EEC00A01
:100C50009FED3D1B20EE010BB7EEC00B354880ED3C
:100C6000020A002190ED020ABDEEC00A10EE100A41
:100C700000B2CDE900012F4890ED010ABDEEC00A97
:100C800010EE100A03B22B4890ED000AB1EE400AB4
:100C9000BDEEC00A10EE100A02B240F2FE41274833
:100CA00001F064FC00BF3CE000201F4908609FED9C
:100CB000250A1F480DF09EFE1E4880ED000A9FED9C
:100CC000210A1B48B8300DF095FE1A4880ED010A44
:100CD0009FED1C0A18480DF08DFE164880ED020AA3
:100CE000002190ED020ABDEEC00A10EE100A00B21B
:100CF000CDE900010F4890ED010ABDEEC00A10EEEB
:100D0000100A03B20B4890ED000AB1EE400ABDEEA6
:100D1000C00A10EE100A02B240F2FE41074801F08C
:100D200025FC1CBD240200242403002430030024DD
:100D300098660024706B002408680024580400247E
:100D4000ECFAFFFF000048C39A9999999999E93FF5
:100D500070B52DED068B88B005460E46B7EE000A3D
:100D6000B0EE408AF84988889FEDF81AF2EE040A3E
:100D70009FEDF70A40F2D6624FF482710DF0BEFC8F
:100D8000B0EE408AF0490888B7EE001AF2EE040A85
:100D9000BAEE040A40F2D6624FF48E710DF0AEFC4A
:100DA000EC4880ED000AE848008840F24C41884257
:100DB00009DCE5480088B0F5966F04DB9FEDE40A96
:100DC000E44880ED000AE0494888B7EE001AF2EEE8
:100DD000040ABAEE040A40F2EF6240F213110DF079
:100DE0008DFCB1EE400ADC4880ED000AD648408810
:100DF00040F24C41884209DCD3484088B0F5966FF8
:100E000004DB9FEDD30AD44880ED000ACE49C888A0
:100E1000B7EE001AF2EE040ABAEE040A4FF4E162E9
:100E20004FF491710DF06AFCCC4880ED000AB1EEF0
:100E3000040A85ED170AC74890ED000A20EE080A5B
:100E400085ED140AC44890ED000A20EE080A85EDED
:100E5000150AC24890ED000A20EE080A85ED160A30
:100E6000B1EE040A86ED170ABA4890ED000A20EEAA
:100E7000080A86ED140AB84890ED000A20EE080A28
:100E800086ED150AB54890ED000A20EE080A86EDB9
:100E9000160AB34B0FCB04AC0FC4B14B10330FCBBE
:100EA0008DE80F00DFEDAFAA002492E295ED140A61
:100EB000D5ED160A04A800EB840090ED001A00EEB0
:100EC000C10AB0EE40AA95ED150AD5ED160A68469E
:100ED00000EB840090ED001A00EE810AB0EE409A1B
:100EE0006AEE0A0A49EE090AB0EE600A15F08EFCB5
:100EF0009D4800EB840080ED000AF0EE490AB0EE58
:100F00004A0A15F05BFA994800EB840080ED000A6C
:100F1000964800EB840090ED000ADFED950AB4EEF0
:100F2000600AF1EE10FA06D19FED920A8F4800EBAD
:100F3000840080ED000ADFED868A34B1012C1DD0DB
:100F4000022C34D0032C64D14AE08B4890ED5E0A29
:100F5000B8EEC00AF0EE408A9FED880AC8EE800A1B
:100F60009FED870A20EE800ADFED7E0A80EE201AD0
:100F7000844800EB840080ED001A4AE0824890ED3E
:100F80005E0AB8EEC00AF0EE408ADFED7C0A88EE19
:100F9000A00ADFED7B0A20EE200ADFED720A80EE68
:100FA000201A784800EB840080ED001A31E0774881
:100FB00090ED5E0AB8EEC00AF0EE408A9FED6F0A2F
:100FC000C8EE800A9FED6E0A20EE800ADFED650A0A
:100FD00080EE201A6B4800EB840080ED001A18E0C8
:100FE0006B4890ED5E0AB8EEC00AF0EE408ADFED85
:100FF000630A88EEA00ADFED620A20EE200ADFED28
:10100000590A80EE201A5F4800EB840080ED001A38
:1010100000BF00BF0DE05B4800EB840090ED000ACC
:10102000DFED570A30EE600A564800EB840080ED91
:10103000000A544800EB840090ED000ADFED500AEE
:10104000B4EEE00AF1EE10FAE5DC0DE04D4800EBFD
:10105000840090ED000ADFED4A0A30EE200A49488C
:1010600000EB840080ED000A464800EB840090ED20
:10107000000ADFED480AB4EEE00AF1EE10FAE5D31B
:10108000404800EB840090ED000ADFED3A0AB4EE30
:10109000E00AF1EE10FA42DD34B1012C0FD0022C3F
:1010A00018D0032C2CD120E03B483349C1F87801FB
:1010B0004013C1F874010020A1F86C0120E036480B
:1010C0003149C1F878014013C1F874010020A1F83A
:1010D0006C0115E030482D49C1F878014013C1F882
:1010E00074010020A1F86C010AE02B482849C1F8DE
:1010F00078014013C1F874010020A1F86C0100BF11
:1011000000BF204800EB840090ED000ADFED1C0AD0
:1011100030EE600A1B4800EB840080ED000A19489D
:1011200000EB840090ED000ADFED110AB4EEE00A56
:10113000F1EE10FA75D234B1012C3CD0022C47D01C
:10114000032C5FD151E029E024020024CDCC4C3D9A
:1011500000000000D8010024DC010024E00100248C
:10116000BC8D0108000010430C620024CC610024F7
:10117000DB0F49C0DB0F49405C5B002400000046E8
:10118000DB0FC940EC610024F85C0024945E00246D
:1011900030600024DB0FC9C00000F7FF4FF41020BF
:1011A000BE49C1F878014720C1F8740141F6FF70CB
:1011B000A1F86C0126E04FF41020B949C1F878017C
:1011C0004720C1F8740141F6FF70A1F86C0119E0E5
:1011D0004FF41020B349C1F878014720C1F87401D9
:1011E00041F6FF70A1F86C010CE04FF41020AE49FD
:1011F000C1F878014720C1F8740141F6FF70A1F8E9
:101200006C0100BF00BFA94800EB840090ED000A0C
:101210005FED250A30EE200AA44800EB840080ED43
:10122000000AA34800EB840090ED000A5FED390A44
:10123000B4EEE00AF1EE10FA0DD21FED3B0A9D4824
:1012400000EB840080ED000A1FED3F0A984800EB98
:10125000840080ED000A974800EB840090ED000ABE
:10126000924800EB8400D0ED000A30EE600A92480C
:1012700000EB840080ED000A0DE08F4800EB840055
:1012800090ED000A5FED420A30EE600A8A4800EBFA
:10129000840080ED000A884800EB840090ED000A8D
:1012A0005FED4C0AB4EEE00AF1EE10FAE5DA0DE07B
:1012B000814800EB840090ED000A5FED4F0A30EEAC
:1012C000200A7D4800EB840080ED000A7A4800EB9C
:1012D000840090ED000A5FED5A0AB4EEE00AF1EEE8
:1012E00010FAE5D9744800EB840090ED000ADFEDB8
:1012F000730AB4EEE00AF1EE10FA1ADD6D4800EB65
:10130000840090ED000A5FED650A30EE600A6C48DB
:1013100000EB840080ED000A654800EB840090ED4E
:10132000000AB1EE400A624800EB840080ED000A3A
:1013300030E0614800EB840090ED000ADFED610AC7
:10134000B4EEE00AF1EE10FA1AD25A4800EB84002B
:1013500090ED000A5FED790A30EE200A584800EB64
:10136000840080ED000A524800EB840090ED000AF2
:10137000B1EE400A4E4800EB840080ED000A09E01F
:101380004C4800EB840090ED000A4D4800EB8400CF
:1013900080ED000A464800EB840090ED000A05F15C
:1013A000600000EB840080ED000A454800EB8400FB
:1013B00090ED000ADFED440A20EE200A5FED970A67
:1013C00020EE200A06F1600000EB840080ED000AA8
:1013D000641C042CFFF66AADDFED3C9A002437E074
:1013E00005F1600000EB840090ED000A5FED9C0ABF
:1013F00029EEA01AC0EE010A9FED350A20EE800A00
:10140000F0EE408A34B1012C0BD0022C10D0032C0A
:101410001CD114E02F48B0EE680AD0F8901188472C
:1014200014E02D48B0EE680AD0F8901188470DE01E
:101430002A48B0EE680AD0F89011884706E028489C
:10144000B0EE680AD0F89011884700BF00BF641C56
:10145000042CC5DBD6ED180AB0EE600A0F48D0F8B0
:1014600090118847D6ED190AB0EE600A0C48D0F802
:1014700090118847D6ED1A0AB0EE600A0948D0F8F4
:1014800090118847D6ED1B0AB0EE600A0648D0F8E6
:101490009011884708B0BDEC068B70BD5C5B0024E2
:1014A000F85C0024945E002430600024EC61002489
:1014B0000C620024CC610024FC610024DB0FC93FD6
:1014C000DC610024DB0FC9BF83F9A244AE47613D54
:1014D00000007042EC540024885600242458002454
:1014E000C059002400B52DED028B83B09FED620A38
:1014F000B0EE408A61480078C8B160484078B0B129
:101500005E48807898B15D48C07880B101205C4920
:10151000087000200090034602464FF400710190CD
:10152000584800F075FA03B0BDEC028B00BD53487B
:10153000007800289FED540A08FE000A534880ED09
:10154000000A4E48407800289FED4F0A08FE000A26
:101550004E4880ED010A4948807800289FED4A0AEC
:1015600008FE000A494880ED020A4448C078002875
:101570009FED450A08FE000A444880ED030A4448EE
:10158000B0F9640101EE100AB8EEC11AF0EE410A9A
:101590003E4890ED001AB0EE410A3D4800F1C4000B
:1015A00015F0D6F93B48B0F9640101EE100AB8EE27
:1015B000C11AF0EE410A354890ED011AB0EE410A29
:1015C0003448C43015F0C4F93348B0F9640101EE71
:1015D000100AB8EEC11AF0EE410A2C4890ED021A3A
:1015E000B0EE410A2C48C43015F0B2F92B48B0F9DE
:1015F000640101EE100AB8EEC11AF0EE410A234868
:1016000090ED031AB0EE410A2448C43015F0A0F959
:10161000224890ED3B0ABDEEC00A10EE100A00B25F
:101620001D4991ED3B0ABDEEC00A10EE101A09B239
:10163000CDE90010174890ED3B0ABDEEC00A10EE50
:10164000100A03B2124890ED3B0ABDEEC00A10EE3C
:10165000100A02B24FF400710A4800F0D9F90020D4
:1016600000900346024640F2FF1101900C4800F042
:10167000CFF900BF57E7000000409C45F10100246E
:10168000F501002498050024000000001C620024DD
:101690005C5B0024F85C0024945E0024306000242D
:1016A000F804002400B585B000215B480EF0D0F8A6
:1016B000594881688847002058490122CDE9010234
:1016C000574B0092CDE9031040F20522911F554877
:1016D00000F046F9002054490122CDE90102504BA7
:1016E0000092CDE9031040F20622D11F4F4800F0CE
:1016F00037F900204E490122CDE90102484B009202
:10170000CDE9031040F2072240F2FF11494800F0F2
:1017100027F9002048490122CDE90102404B0092FF
:10172000CDE903104FF4027240F2FF11434800F07C
:1017300017F939483B49426C904737483B49426C5E
:10174000904735483B49426C904733483B49426C8F
:1017500090473B48304908673A48486700213A4873
:101760000EF076F8384881688847384838490122B1
:101770000192CDE9022104900020364B40F2012273
:10178000511E0090344800F0EBF8344834490122EF
:101790000192CDE90221049000202E4B40F202225A
:1017A000911E00902F4800F0DBF82F482F490122AE
:1017B0000192CDE9022104900020264B40F2032241
:1017C000D11E00902A4800F0CBF82A482A4901226D
:1017D0000192CDE90221049000201E4B4FF40172CA
:1017E000111F0090254800F0BBF817481A49426CB9
:1017F000904715481B49426C904713481C49426C5E
:10180000904711481D49426C90470D480E490867A2
:101810000C48486705B000BDFC530024B800002404
:10182000F8040024EC540024D0000024885600243E
:10183000E80000242458002400010024C05900249A
:10184000510D000881180008745400247801002408
:1018500018010024980500245C5B002490010024FA
:1018600030010024F85C0024A80100244801002471
:10187000945E0024C0010024600100243060002434
:101880000146002008E09FED060A01F1600202EB2C
:10189000800282ED000A401C0428F4DB704700003F
:1018A000000000004A780B7842EA0322A0F86C217D
:1018B000B0F86C21A0F870217047027F5AB1012A5C
:1018C00005D0022A02D0052A46D100BF00BF8A797E
:1018D00080F86A2100BF00F5B270028942814A781F
:1018E0000B7842EA03220281CA788B7842EA03220B
:1018F00012B202804A790B7942EA032212B26FF0E7
:10190000040392FBF3F212B2428002894389A0F5EC
:10191000B270D21AB2F5805F05DDD0F87421521E84
:10192000C0F874210CE0B0F86C21B0F86E31D21A16
:1019300012F5805F04DAD0F87421521CC0F87421CB
:10194000B0F86C31D0F8742103EB4232B0F870314A
:10195000D21AC0F8782100E000BF00BF7047000035
:101960002DE9F84F044615461E460AAF97E8800F4A
:10197000E9B23B4632462046CDF800800CF0ACFF81
:1019800004F5B07424F8A05C1E4860631E48A06390
:101990001E4820630020A080E0802081A072A081EA
:1019A000E08120826061A06120772085E062A4F55B
:1019B000B074002104F5BF70C4F87E11C4F8821120
:1019C000A4F88611607F88B1012802D0022815D1C1
:1019D00013E05246494604F1C4000DF09BF95A4603
:1019E000494604F58A700DF095F907E052464946DC
:1019F00004F1C4000DF08EF900E000BF00BFBDE8A7
:101A0000F88F0000BB180008A518000861E900085D
:101A10002DE9F0438BB081460E4614461D46DDE9A4
:101A20001278029600200390049008200590002070
:101A300006900790089009900A90200A8DF80000FF
:101A4000E0B28DF80100280A8DF80200E8B28DF8A6
:101A50000300380A8DF80400F8B28DF805004FEA4B
:101A600018208DF8060008F0FF008DF807006A4680
:101A700002A9484602F012FE0BB0BDE8F083000058
:101A800010B5024801F09CFD10BD0000040A0024BE
:101A900010B5024801F094FD10BD00008C0900242F
:101AA0000146374A0868904249D0354A18320868DA
:101AB000904244D0324A3032086890423FD0304A97
:101AC0004832086890423AD02D4A60320868904205
:101AD00035D02B4A78320868904230D0284A90326C
:101AE000086890422BD0264AA8320868904226D037
:101AF000244A0868904222D0224A1832086890424C
:101B00001DD0204A30320868904218D01D4A483211
:101B10000868904213D01B4A6032086890420ED089
:101B2000184A78320868904209D0164A90320868FC
:101B3000904204D0134AA8320868904201D1012093
:101B400000E00020B0B10A78103A1823B2FBF3F09D
:101B500000F007020C4B9A5CCA65032805D90A6895
:101B60006FF30902121D8A6503E00A686FF3090228
:101B70008A6503E0086820F0FF008865886D70477B
:101B80001000024010040240208D010810B50268C8
:101B90002B4C0368A34222D0294C14340368A3427F
:101BA0001DD0274C28340368A34218D0244C3C3461
:101BB0000368A34213D0224C50340368A3420ED0D2
:101BC0001F4C64340368A34209D01D4C7834036869
:101BD000A34204D01A4C8C340368A34201D10123E0
:101BE00000E000238BB10378083B1424B3FBF4F12D
:101BF000144B03EB81030366124B8033436601F001
:101C00001F040123A340836618E00378103B1824C7
:101C1000B3FBF4F10C4B9A4204D80B4BA83B9A420D
:101C200000D30831094B03EB81030366074B803374
:101C3000436601F01F040123A340836610BD00002A
:101C40000854025800580258B804024000080240E4
:101C50000179A9B3082940D8204B02689A4222D0C2
:101C60001E4B143302689A421DD01C4B2833026865
:101C70009A4218D0194B3C3302689A4213D0174B42
:101C8000503302689A420ED0144B643302689A4271
:101C900009D0124B783302689A4204D00F4B8C3330
:101CA00002689A4201D1012200E000224AB14A1E94
:101CB0000B4B03EB8202C266094A4032026708E01E
:101CC0000BE04A1E074B03EB8202C266054A403214
:101CD00002674A1E01239340436770470854025825
:101CE0000059025800090240014600208A69D2B911
:101CF0008A6A32B1012A0DD0022A03D0032A10D1F8
:101D00000EE000BFCA6A02F08072B2F1807F00D19B
:101D1000012007E0CA6AB2F1C07F00D1012001E0D2
:101D200000E000BF36E08A69B2F5005F1BD18A6A25
:101D300032B1012A07D0022A03D0032A11D10AE0C6
:101D400000BF01200EE0CA6A02F08072B2F1807F0B
:101D500000D1012006E0CA6AB2F1C07F00D10120A3
:101D600000E000BF16E08A6A32B1012A05D0022ADB
:101D700004D0032A0CD103E000BF00BF012008E01B
:101D8000CA6A02F08072B2F1807F00D1012000E0C7
:101D900000BF00BF7047000030B5384D0468AC424A
:101DA00049D0364D18350468AC4244D0334D3035F7
:101DB0000468AC423FD0314D48350468AC423AD05B
:101DC0002E4D60350468AC4235D02C4D7835046812
:101DD000AC4230D0294D90350468AC422BD0274D11
:101DE000A8350468AC4226D0254D0468AC4222D008
:101DF000234D18350468AC421DD0214D30350468A0
:101E0000AC4218D01E4D48350468AC4213D01C4D6E
:101E100060350468AC420ED0194D78350468AC4288
:101E200009D0174D90350468AC4204D0144DA83544
:101E30000468AC4201D1012400E0002474B10468BC
:101E400063608468402C04D10468A2600468E16087
:101E500012E00468A1600468E2600DE00468636059
:101E60008468402C04D10468A2600468E16003E047
:101E70000468A1600468E26030BD00001000024008
:101E80001004024030B58BB004460D46002001908E
:101E9000029008200390002004904FF480100590D9
:101EA00040000690002007900890607F022802D131
:101EB000A07F00900BE0607F012804D1A07F00F597
:101EC0008070009003E0A07F00F500700090FF207C
:101ED0008DF824008DF825008DF826008DF8270058
:101EE0008DF828008DF829008DF82A0035B1012DD4
:101EF0000BD0022D10D0032D16D111E0FC208DF84F
:101F00002B00012084F8C4000FE0FD208DF82B0089
:101F1000002084F8C40008E0FE208DF82B0004E0C7
:101F2000FB208DF82B0000E000BF00BF09AA694626
:101F300004F1200002F0B2FB0BB030BD10B501215E
:101F40000648FFF79FFF012014F08EFE0121044890
:101F5000FFF798FF012014F087FE10BDC068002431
:101F6000186A002410B500210648FFF78BFF0120F6
:101F700014F07AFE00210448FFF784FF012014F0DA
:101F800073FE10BDC0680024186A00244A780B78DC
:101F900042EA032220F8A22F02888282A2387047E8
:101FA0002DE9F0412DED048B04460D46A8786978A3
:101FB00040EA0126E8780001297940EA211768798A
:101FC000297901F00F0140EA0128B2EE090AB0EECA
:101FD000408AB3EE0E0AF0EE408AB2EE040AB0EE8A
:101FE000409A207F042811D0072802D0082827D142
:101FF00019E09FED620AB0EE408AB3EE0E0AF0EEF1
:10200000408AB2EE040AB0EE409A1AE09FED5C0AF4
:10201000B0EE408A9FED5B0AF0EE408AB2EE040A11
:10202000B0EE409A0DE0B2EE090AB0EE408AB3EE8F
:102030000E0AF0EE408AB2EE040AB0EE409A00E0DA
:1020400000BF00BF2878001184F8C40094ED460A50
:1020500084ED470A1021F0EE480AB1EE480A3046F6
:1020600015F0CCFC84ED460A0C21F0EE680AB1EEC6
:10207000680A384615F0C2FC84ED490A0C21F0EEDE
:10208000490AB1EE490A404615F0B8FC84ED4A0A07
:10209000A87900EE100AB8EE400ABCEEC00A10EEB5
:1020A000100A84F82C01E87900EE100AB8EE400A14
:1020B000BCEEC00A10EE100A84F82D0194ED460A19
:1020C000D4ED470A30EE600ADFED2F0AB4EEE00AE5
:1020D000F1EE10FA05DDD4F83001001FC4F830012C
:1020E00011E094ED460AD4ED470A30EE600ADFEDC8
:1020F000270AB4EEE00AF1EE10FA04D2D4F8300167
:10210000001DC4F8300194ED461AB7EEC11AB0EEC6
:10211000410B9FED1F1B14F0ABFAB7EEC00B84ED23
:10212000480A94ED480ADFED1C0AB4EEE00AF1EE2D
:1021300010FA08DD94ED480ADFED130A30EE600A6C
:1021400084ED480A10E094ED480ADFED140AB4EE7D
:10215000E00AF1EE10FA07D294ED480ADFED0A0A20
:1021600030EE200A84ED480A94F8C40010B901202A
:1021700084F8C400BDEC048BBDE8F081000070421F
:10218000560E494100003442D00FC940D00FC9C09B
:1021900000000000FA211940D00F4940D00F49C07B
:1021A000A030428882814A780B7842EA032242803A
:1021B000CA788B7842EA032212B202804A790B79FC
:1021C00042EA032212B26FF0040392FBF3F212B25E
:1021D000828042888389A038D21AB2F5805F05DDFB
:1021E000D0F8B020521EC0F8B0200CE0B0F8A22009
:1021F000B0F8AC30D21A12F5805F04DAD0F8B02013
:10220000521CC0F8B020A43030F8023CC26803EB86
:102210004232438AD21A4260A43870472DE9F84FFF
:1022200004460D4616461F46DDE90CABDDE90A897A
:10223000E9B243463A462046CDF800900CF04CFBFC
:10224000D83404F8136C184820671848A067184859
:10225000E067184860679FED180A84ED100A9FED4B
:10226000160A84ED110A9FED140A84ED120A9FEDFF
:10227000120A84ED130A9FED100A84ED140A14F873
:10228000BB0CD83C58B1012802D0022809D107E084
:102290005A46514604F1C8000CF03CFD01E000E054
:1022A00000BF00BFBDE8F88F851E0008F5220008BA
:1022B000DB250008A11F0008000000002DE9F04107
:1022C00004460E4617461D460020A034608020803C
:1022D0002061A0712075A060A03C3A46314604F10F
:1022E00050000CF017FD2A46314620460CF012FD36
:1022F000BDE8F0812DE9F0432DED068B8BB005464E
:10230000B0EE40AAB0EE608AF0EE418AB0EE619A7B
:10231000F0EE429AA87F00900020019002900820E1
:102320000390002004904FF4801005904000069028
:10233000002007900890287F042805D0062802D0A6
:10234000072821D110E000BFB3EE040A804880EDD9
:10235000000A9FED800A804880ED000AB2EE040A70
:102360007E4880ED000A10E09FED7D0A784880ED00
:10237000000AB3EE0E0A784880ED000AB2EE040AB5
:10238000764880ED000A00E000BF00BF687FE8B338
:10239000012802D0022838D16FE010206C4991ED5D
:1023A000001A91ED000AF1EE400AB0EE4A0A14F06C
:1023B000FBFB06460C20684991ED001A91ED000ADE
:1023C000F1EE400AB0EE480A14F0EEFB07460C208E
:1023D0009FED641ADFED630AB0EE690A14F0E4FBC6
:1023E00080460C209FED601ADFED5E0AB0EE680AB1
:1023F00014F0DAFB81460C20B1EE041ADFED590A25
:10240000B0EE490A14F0D0FB044672E0FFE710205A
:102410009FED541ADFED530A9FED520A14F0C4FBEE
:1024200006460C204C4991ED001A91ED000AF1EEA0
:10243000400AB0EE480A14F0B7FB07460C209FEDA7
:10244000491ADFED480A9FED470A14F0ADFB8046BC
:102450000C209FED441ADFED430A9FED420A14F071
:10246000A3FB81460C20B1EE041ADFED3E0AB0EE6C
:10247000490A14F099FB04463BE01020344991EDE1
:10248000001A91ED000AF1EE400AB0EE4A0A14F08B
:102490008BFB06460C20304991ED001A91ED000AA5
:1024A000F1EE400AB0EE480A14F07EFB07460C201D
:1024B0002A4991ED001A91ED000AF1EE400AB0EEC2
:1024C000690A14F071FB80460C209FED271ADFED9E
:1024D000250AB0EE680A14F067FB81460C20B1EEC5
:1024E000041ADFED200AB0EE490A14F05DFB044641
:1024F00000BF00BF30128DF82400F0B28DF8250027
:10250000C7F307108DF826003807000E40EA29208F
:102510008DF8270009F0FF008DF82800C4F307109C
:102520008DF829002007000E40EA28208DF82A00A7
:1025300008F0FF008DF82B0009AA694605F120007C
:1025400002F0ACF80BB0BDEC068BBDE8F0830000E8
:102550000002002400003442040200240802002487
:1025600000007042000000000000FA432DE9F04333
:102570008BB081460E4614461D46DDE91278029660
:1025800000200390049008200590002006900790FA
:10259000089009900A90200A8DF80100E0B28DF8A9
:1025A0000000280A8DF80300E8B28DF80200380A0E
:1025B0008DF80500F8B28DF804004FEA18208DF868
:1025C000070008F0FF008DF806006A4602A9484699
:1025D00002F064F80BB0BDE8F08371B52DED020B8D
:1025E0008BB006460BAC0CADB07F00F58070009050
:1025F00000200190029008200390002004904FF4E6
:1026000080100590400006900020079008902078E8
:102610008DF8240060788DF82500A0788DF82600CC
:10262000E0788DF8270028788DF8280068788DF8F4
:102630002900A8788DF82A00E8788DF82B0009AADF
:10264000694606F1200002F029F80EB070BD70470F
:1026500010B5012002F0BAFF10BD10B54FF40050C4
:1026600002F0B4FF10BD10B5042002F0AFFF10BDA2
:1026700010B54FF4007002F0A9FF10BD72B600BF94
:10268000FEE700000748006840F0020005490860C6
:1026900000BF04480838006800F400500028F8D053
:1026A000704700000C48025810B5024802F0F0F9DB
:1026B00010BD00005804002410B5024802F0E8F9EB
:1026C00010BD00005804002410B5024802F0E0F9E3
:1026D00010BD0000F804002410B5024802F0D8F93B
:1026E00010BD0000F804002410B5024802F0D0F933
:1026F00010BD00009805002410B5024802F0C8F98A
:1027000010BD00009805002410B501464A6B08680A
:10271000D0F884004FF6FC74A04340EA82000C68B5
:10272000C4F884000868D0F8840020F47F04088F7F
:1027300044EA00400C68C4F88400886B02440868CE
:10274000D0F888004FF6FC74A04340EA82000C6881
:10275000C4F888000868D0F8880020F4FE04888F48
:1027600044EA00400C68C4F88800C86B02EB4002E1
:102770000868D0F8A0004FF6FC74A04340EA82003D
:102780000C68C4F8A0000868D0F8A00020F4FE048B
:102790004020405A44EA00400C68C4F8A000D1E947
:1027A000104004FB00220868D0F8B0004FF6FC741B
:1027B000A04340EA82000C68C4F8B0000868D0F872
:1027C000B00020F4FE04B1F8480044EA00400C6870
:1027D000C4F8B000D1E9124004FB00220868D0F828
:1027E000AC004FF6FC74A04340EA82000C68C4F8C9
:1027F000AC00D1E9144004FB00220868D0F8F000D6
:102800004FF6FC74A04340EA82000C68C4F8F00064
:102810000868D0F8F00020F47C14B1F8580044EABD
:1028200000400C68C4F8F000886D02EB40020868B4
:10283000D0F8C0004FF6FC74A04340EA82000C6858
:10284000C4F8C0000868D0F8C00020F47C14B1F8C7
:102850005C0044EA00400C68C4F8C0000868D0F886
:10286000C00020F07C5491F8600044EA00600C68DD
:10287000C4F8C0002A4C486B04EB8000C866CC6EDC
:10288000886B04EB80040C670C6FC86B04EBC0040E
:102890004C67D1E9100460434C6F04EB80048C67F3
:1028A000D1E9120460438C6F04EB8004CC67D1E95A
:1028B00014046043CC6F04EB8004802044504458DF
:1028C000886D04EBC004842044508C6EC86D604356
:1028D0008424645804EB8004882044508C6E086E75
:1028E00060438824645804EB80049020445040588E
:1028F0000C4CA04209D99831486840F0200048604B
:10290000032001F89809012010BDCB6E02E00020E1
:1029100018601B1D902040589842F8D80020F3E71B
:1029200000AC0040FCD300402DE9F04105461446C0
:102930001E46D1F804C0BCF1000F0AD1D1F810C076
:10294000D1F808804CEA080CB1F800804CEA8843C2
:102950000BE0D1F810C04CF0804CD1F808804CEA64
:10296000080CD1F800804CEA080391F82080D1F8D7
:102970001CC04CEA086CD1F818804CEA080CD1F85D
:1029800014804CEA080CB1F80C804CEA0847D5F8E2
:1029900068C00CFB06FCD5F8848008EB8C02136041
:1029A000121D1760121D002019E000F1030C14F82D
:1029B0000CC04FEA0C6800F1020C14F80CC048EA95
:1029C0000C4800F1010C14F80CC048EA0C2C14F867
:1029D00000804CEA080CC2F800C0121D001DDFF890
:1029E0001480D1F80CC018F80CC08445DDD8BDE8BF
:1029F000F0810000288D010870B50A480468001DA8
:102A00000568001D0668344454B108220649204672
:102A100007F022FF042204491031284607F01CFF6A
:102A200070BD000000E8F11F8E0300242DE9F0477F
:102A300004460F4690461E46DDF820904FF0000AEF
:102A4000A068802804D1400060654FF0010A75E15C
:102A500000BF94F83400012802D10220BDE8F087BD
:102A6000012084F8340000BF94F8350001287DD19E
:102A7000022084F8350000206065B1492068884252
:102A800049D0AF4918312068884244D0AC49303130
:102A9000206888423FD0AA494831206888423AD00D
:102AA000A74960312068884235D0A549783120682F
:102AB000884230D0A2499031206888422BD0A0496A
:102AC000A8312068884226D09E492068884222D0BA
:102AD0009C491831206888421DD09A4930312068BD
:102AE000884218D0974948312068884213D09549C8
:102AF0006031206888420ED092497831206888423F
:102B000009D0904990312068884204D08D49A8317D
:102B10002068884201D1012000E0002090B12068A7
:102B2000006840F480202168086020680661A06D7C
:102B300000F1080594F85C0000F01F013F20884078
:102B4000286011E02068006848F2200108432168ED
:102B5000086020680661A06D051D94F85C0000F017
:102B60001F01012088402860754900E0E1E02068ED
:102B7000884270D072491831206888426BD0704901
:102B800030312068884266D06D49483120688842DB
:102B900061D06B496031206888425CD068497831E7
:102BA0002068884257D0664990312068884252D0C8
:102BB0006349A831206888424DD062492068884224
:102BC00049D0604918312068884244D05D4930318D
:102BD000206888423FD05B494831206888423AD01B
:102BE000584960312068884235D05649783120688C
:102BF000884230D053499031206888422BD05149C7
:102C0000A8312068884226D04F492068884222D0C7
:102C10004D491431206888421DD04B492831206825
:102C2000884218D048493C312068884213D0464930
:102C30005031206888420ED0434964312068884270
:102C400009D0414978312068884204D03E498C310E
:102C50002068884201D1012000E0002068B14B4685
:102C6000424639462046FFF797F8D4E919104860E4
:102C7000E06E10B1D4E91C104860314920688842E8
:102C800049D02F4918312068884244D02C4930312E
:102C9000206888423FD02A494831206888423AD08B
:102CA000274960312068884235D02549783120682D
:102CB000884230D022499031206888422BD0204968
:102CC000A8312068884226D01E492068884222D038
:102CD0001C491831206888421DD01A4930312068BB
:102CE000884218D0174948312068884213D01549C6
:102CF0006031206888420ED01249783120688842BD
:102D000009D0104990312068884204D00D49A8317B
:102D10002068884206D12068006840F001002168E0
:102D200008600BE02068006840F00100216808603E
:102D300004E04FF4006060654FF0010A50468DE6F4
:102D40001000024010040240085402582DE9F041DE
:102D5000044602F04DFD804614B90120BDE8F08123
:102D600094F83500022808D08020606500BF00205C
:102D700084F8340000BF0120F0E7FE492068884253
:102D800049D0FC4918312068884244D0F949303193
:102D9000206888423FD0F7494831206888423AD0BD
:102DA000F44960312068884235D0F2497831206892
:102DB000884230D0EF499031206888422BD0ED49CD
:102DC000A8312068884226D0EB492068884222D06A
:102DD000E9491831206888421DD0E7493031206820
:102DE000884218D0E44948312068884213D0E2492B
:102DF0006031206888420ED0DF49783120688842EF
:102E000009D0DD4990312068884204D0DA49A831E0
:102E10002068884206D12068006820F001002168FF
:102E2000086005E02068006820F001002168086063
:102E3000D0492068884249D0CE491831206888425C
:102E400044D0CC493031206888423FD0C94948310C
:102E5000206888423AD0C74960312068884235D01E
:102E6000C44978312068884230D0C2499031206806
:102E700088422BD0BF49A8312068884226D0BE495D
:102E80002068884222D0BC491831206888421DD071
:102E9000B94930312068884218D0B7494831206894
:102EA000884213D0B4496031206888420ED0B249BC
:102EB00078312068884209D0AF4990312068884233
:102EC00004D0AD49A8312068884201D1012000E03A
:102ED000002068B12068006820F01E0021680860AA
:102EE0002068406920F0800021684861256806E07C
:102EF0002068006820F00E002168086025689D4960
:102F00002068884270D09B491831206888426BD075
:102F1000984930312068884266D096494831206807
:102F2000884261D093496031206888425CD09149E1
:102F300078312068884257D08E4990312068884285
:102F400052D08C49A831206888424DD08A492068E7
:102F5000884249D0884918312068884244D086493F
:102F60003031206888423FD0834948312068884208
:102F70003AD0814960312068884235D07E49783125
:102F80002068884230D07C499031206888422BD01C
:102F90007949A8312068884226D07849206888423B
:102FA00022D076491431206888421DD073492831D7
:102FB0002068884218D071493C312068884213D07B
:102FC0006E495031206888420ED06C4964312068C7
:102FD000884209D0694978312068884204D067491D
:102FE0008C312068884201D1012000E0002028B106
:102FF000206E006820F48070216E086011E002F0FD
:10300000F7FBA0EB080005280BD920206065032002
:1030100084F8350000BF002084F8340000BF012090
:103020009CE6286800F001000028E8D1514920689A
:10303000884249D04F4918312068884244D04D49D0
:103040003031206888423FD04A4948312068884260
:103050003AD0484960312068884235D045497831B6
:103060002068884230D043499031206888422BD074
:103070004049A8312068884226D03F4920688842CC
:1030800022D03D491831206888421DD03A4930315C
:103090002068884218D0384948312068884213D0C7
:1030A00035496031206888420ED033497831206834
:1030B000884209D0304990312068884204D02E4996
:1030C000A8312068884201D1012000E0002040B1F1
:1030D000A66D94F85C0000F01F013F208840B060AE
:1030E00007E0A76D94F85C0000F01F010120884004
:1030F000786020492068884276D01E4918312068BF
:10310000884271D01B493031206888426CD01949FF
:1031100048312068884267D016496031206888426B
:1031200062D014497831206888425DD011499031CD
:103130002068884258D00F49A8312068884253D06F
:103140000D49206888424FD00B49183120688842C9
:103150004AD0094930312068884245D00649483173
:103160002068884240D004496031206888423BD0C2
:10317000014905E0100002401004024008540258C2
:103180007831206888422FD02549206888422BD08A
:10319000234918312068884226D022492068884275
:1031A00022D020491431206888421DD01D49283181
:1031B0002068884218D01B493C312068884213D0CF
:1031C00018495031206888420ED016496431206871
:1031D000884209D0134978312068884204D01149C7
:1031E0008C312068884201D1012000E0002068B1C4
:1031F000D4E919104860E06E40B1E06E006820F438
:103200008070E16E0860D4E91C104860012084F8E9
:10321000350000BF002084F8340000BF00BF9DE5EA
:10322000A00402400854025870B504460CB90120AD
:1032300070BD94F83500022803D08020606501201D
:10324000F6E7DC492068884249D0DA49183120681D
:10325000884244D0D7493031206888423FD0D54990
:103260004831206888423AD0D2496031206888428B
:1032700035D0D04978312068884230D0CD4990315E
:10328000206888422BD0CB49A8312068884226D0BC
:10329000C9492068884222D0C7491831206888422D
:1032A0001DD0C54930312068884218D0C249483104
:1032B0002068884213D0C0496031206888420ED00F
:1032C000BD4978312068884209D0BB4990312068D7
:1032D000884204D0B849A8312068884201D1012031
:1032E00000E00020F0B3042084F83500B1492068E4
:1032F00088424BD0AF4918312068884246D0AD494A
:1033000030312068884241D0AA494831206888423B
:103310003CD0A84960312068884237D0A54978312F
:103320002068884232D0A3499031206888422DD04D
:10333000A049A8312068884228D09F492068884247
:1033400024D09D491831206888421FD09A493031D5
:10335000206888421AD0984948312068884215D0A0
:10336000954900E020E06031206888420ED0924903
:1033700078312068884209D08F499031206888428E
:1033800004D08D49A8312068884206D120680068A1
:1033900020F001002168086009E12068006820F041
:1033A00001002168086002E182492068884249D012
:1033B000804918312068884244D07E4930312068E5
:1033C00088423FD07B494831206888423AD07949C9
:1033D00060312068884235D076497831206888424B
:1033E00030D074499031206888422BD07149A8317F
:1033F0002068884226D070492068884222D06E49D1
:103400001831206888421DD06B49303120688842CD
:1034100018D0694948312068884213D06649603124
:10342000206888420ED0644978312068884209D0EB
:10343000614990312068884204D05F49A8312068F2
:10344000884206D12068006820F0010021680860E9
:1034500005E02068006820F001002168086020680D
:10346000006820F00E0021680860524920688842F8
:1034700070D050491831206888426BD04D493031A6
:103480002068884266D04B4948312068884261D024
:1034900048496031206888425CD0464978312068CC
:1034A000884257D0434990312068884252D04149E0
:1034B000A831206888424DD03F492068884249D0D1
:1034C0003D4918312068884244D03B49303120685A
:1034D00088423FD038494831206888423AD036493E
:1034E00060312068884235D033497831206888427D
:1034F00030D031499031206888422BD02E49A831F4
:103500002068884226D02D492068884222D02B4945
:103510001431206888421DD028492831206888420B
:1035200018D026493C312068884213D023495031B5
:10353000206888420ED0214964312068884209D031
:103540001E4978312068884204D01C498C3120689B
:10355000884201D1012000E00020D8B1206E00682F
:1035600020F48070216E0860A56D94F85C0000F076
:103570001F01012088406860D4E919104860E06E9E
:1035800040B1E06E006820F48070E16E0860D4E91C
:103590001C104860012084F8350000BF002084F82A
:1035A000340000BF206D10B12046216D88470020F7
:1035B0003EE6000010000240100402400854025889
:1035C0002DE9F84F044600200090FE4800684FF4B3
:1035D0001651B0FBF1FAA66DD4F858803768D8F8C8
:1035E0000090F9492068884249D0F749183120688D
:1035F000884244D0F4493031206888423FD0F249B3
:103600004831206888423AD0EF49603120688842CA
:1036100035D0ED4978312068884230D0EA49903180
:10362000206888422BD0E849A8312068884226D0FB
:10363000E6492068884222D0E4491831206888424F
:103640001DD0E24930312068884218D0DF49483126
:103650002068884213D0DD496031206888420ED04E
:10366000DA4978312068884209D0D84990312068F9
:10367000884204D0D549A8312068884201D1012070
:1036800000E0002000287DD094F85C0000F01F01CD
:10369000082088403840002868D0CB4920688842FC
:1036A00049D0C94918312068884244D0C6493031D0
:1036B000206888423FD0C4494831206888423AD0C7
:1036C000C14960312068884235D0BF4978312068CF
:1036D000884230D0BC499031206888422BD0BA490A
:1036E000A8312068884226D0B8492068884222D074
:1036F000B6491831206888421DD0B449303120685D
:10370000884218D0B14948312068884213D0AF4967
:103710006031206888420ED0AC49783120688842F8
:1037200009D0AA4990312068884204D0A749A8311D
:103730002068884204D12068006800F0040003E09B
:103740002068006800F0080080B12068006820F060
:1037500004002168086094F85C0000F01F01082054
:103760008840B060606D40F00100606594F85C00D6
:1037700000F01F01012088403840E8B392492068DA
:10378000884200E0B7E24BD08F4918312068884268
:1037900046D08D4930312068884241D08A4948312D
:1037A000206888423CD0884960312068884237D000
:1037B000854978312068884232D083499031206829
:1037C00088422DD08049A8312068884228D07F497E
:1037D0002068884224D07D491831206888421FD053
:1037E0007A493031206888421AD0784948312068B7
:1037F000884215D0754900E026E060312068884293
:103800000ED0724978312068884209D06F499031D2
:103810002068884204D06D49A8312068884204D1CC
:103820002068406900F0800002E020680068002005
:1038300050B194F85C0000F01F0101208840B06096
:10384000606D40F00200606594F85C0000F01F01BC
:10385000042088403840E8B35B49206888424BD058
:10386000594918312068884246D05749303120687C
:10387000884241D054494831206888423CD052495E
:1038800060312068884237D04F49783120688842BB
:1038900032D04D499031206888422DD04A49A83114
:1038A0002068884228D049492068884224D0474966
:1038B0001831206888421FD044493031206888423E
:1038C0001AD0424948312068884215D03F496031BA
:1038D000206800E024E088420ED03C49783120681E
:1038E000884209D0394990312068884204D037494C
:1038F000A8312068884204D12068006800F00200E6
:1039000002E020680068002050B194F85C0000F0EC
:103910001F0104208840B060606D40F004006065C5
:1039200094F85C0000F01F01102088403840E8B394
:1039300025492068884251D023491831206888429F
:103940004CD0214930312068884247D01E49483147
:103950002068884242D01C496031206888423DD0AE
:10396000194978312068884238D017499031206849
:10397000884233D01449A831206888422ED0134998
:10398000206888422AD0114918312068884225D001
:103990000E4930312068884220D00C4948312068D7
:1039A00088421BD009496031206800E04DE0884220
:1039B00014D006497831206888420FD003499031ED
:1039C000206805E01C0000241000024010040240A2
:1039D000884203D0FE492068884204D120680068EC
:1039E00000F0080003E02068006800F0040060B305
:1039F00094F85C0000F01F0110208840B06020683F
:103A0000006800F4802080B12068006800F4002085
:103A100028B9206CC8B12046216C884715E0A06CFD
:103A200098B12046A16C88470FE02068006800F438
:103A3000807028B92068006820F0080021680860BC
:103A4000206C10B12046216C884794F85C0000F08F
:103A50001F0120208840384000287DD0DD492068A3
:103A6000884249D0DB4918312068884244D0D9497E
:103A70003031206888423FD0D6494831206888429A
:103A80003AD0D44960312068884235D0D149783164
:103A90002068884230D0CF499031206888422BD0AE
:103AA000CC49A8312068884226D0C949A839206865
:103AB000884221D0C6499039206888421CD0C44928
:103AC00078392068884217D0C14960392068884217
:103AD00012D0BF494839206888420DD0BC493039DE
:103AE0002068884208D0BA4918392068884203D033
:103AF000B7492068884204D12068006800F01000AF
:103B000003E02068006800F0020028B394F85C002D
:103B100000F01F0120208840B06094F83500042890
:103B20002DD12068006820F0160021680860206808
:103B3000406920F0800021684861206C08B9A06CC1
:103B400028B12068006820F008002168086094F817
:103B50005C0000F01F0100E03FE03F208840B060C3
:103B6000012084F8350000BF002084F8340000BF35
:103B7000206D10B12046216D8847BDE8F88F206880
:103B8000006800F4802080B12068006800F4002004
:103B900028B1606C08B32046616C88471DE0E06B7B
:103BA000D8B12046E16B884717E02068006800F430
:103BB000807068B92068006820F0100021680860F3
:103BC000012084F8350000BF002084F8340000BFD5
:103BD000E06B10B12046E16B8847606D00287AD019
:103BE000606D00F00100E8B3042084F835007949E5
:103BF000206888424BD0774918312068884246D0E7
:103C0000744930312068884241D072494831206877
:103C100088423CD06F4960312068884237D06D4976
:103C200078312068884232D06A49903120688842D1
:103C30002DD06849A8312068884228D06449A83925
:103C40002068884223D062499039206888421ED07B
:103C50005F4978392068884219D05D496039206809
:103C6000884200E040E012D0594948392068884233
:103C70000DD0574930392068884208D05449183946
:103C80002068884203D052492068884206D12068C3
:103C9000006820F001002168086005E020680068E5
:103CA00020F001002168086000BF0098401C0090CF
:103CB000504500D905E02068006800F001000028A8
:103CC000F3D100BF2068006800F0010020B103209C
:103CD00084F8350003E00DE0012084F8350000BFD2
:103CE000002084F8340000BFE06C002802D0204699
:103CF000E16C8847D9E138492068884222D03649AA
:103D00001431206888421DD0334928312068884208
:103D100018D031493C312068884213D02E495031A7
:103D2000206888420ED02C4964312068884209D02E
:103D3000294978312068884204D027498C3120688D
:103D4000884201D1012000E000200028D2D0206864
:103D5000056894F85C0000F01F010420884000EA28
:103D60000900D8B305F00400C0B394F85C0000F07B
:103D70001F0104208840C8F8040005F4004080B109
:103D800005F4803030B1A06C0028B3D02046A16C7F
:103D900088478AE1206C0028ACD02046216C8847F7
:103DA00083E105F02000E8BB0A492068884253D02F
:103DB00008491831206888424ED0064930312068C1
:103DC000884249D0034948312068884244D006E0FF
:103DD000B804024010000240085402584FE0B449B1
:103DE00060312068884237D0B149783120688842F4
:103DF00032D0AF499031206888422DD0AC49A831EB
:103E00002068884228D0AB492068884224D0A9493C
:103E10001831206888421FD0A64930312068884276
:103E20001AD000E025E0A34948312068884213D029
:103E3000A0496031206888420ED09E4978312068C0
:103E4000884209D09B4990312068884204D0994922
:103E5000A8312068884206D12068006820F0080058
:103E60002168086005E02068006820F004002168EF
:103E70000860206C10B32046216C884715E194F847
:103E80005C0000F01F010220884000EA0900E8B34E
:103E900005F00200D0B394F85C0000F01F0102208E
:103EA0008840C8F8040005F4004070B105F4803083
:103EB00028B9606C10B12046616C8847F5E0E06B72
:103EC000F0B32046E16B8847EFE005F02000C0BB6F
:103ED0007749206888424ED0754918312068884259
:103EE00049D0734930312068884244D07049483104
:103EF000206888423FD06E496031206888423AD0BD
:103F00006B4978312068884235D000E04EE068493E
:103F10009031206888422ED06549A83120688842B7
:103F200029D064492068884225D062491831206828
:103F3000884220D05F493031206888421BD001E0A0
:103F40006EE02DE05B4948312068884213D0594922
:103F50006031206888420ED0564978312068884206
:103F600009D0544990312068884204D05149A83181
:103F70002068884206D12068006820F0140021687B
:103F8000086005E02068006820F00A0021680860E9
:103F9000012084F8350000BF002084F8340000BF01
:103FA000E06BE8B32046E16B88477EE094F85C0064
:103FB00000F01F010820884000EA090080B305F0E6
:103FC000080068B33A49206888424BD03849183114
:103FD0002068884246D0364930312068884241D036
:103FE00033494831206888423CD0314960312068EB
:103FF000884237D02E4978312068884232D02C4907
:104000009031206888422DD02949A8312068884203
:1040100028D028492068884224D02649183100E059
:1040200043E0206888421DD0224930312068884210
:1040300018D0204948312068884213D01D4960318A
:10404000206888420ED01B4978312068884209D008
:10405000184990312068884204D01649A831206858
:10406000884206D12068006820F01C0021680860A2
:1040700005E02068006820F00E002168086094F8D0
:104080005C0000F01F0101208840C8F804000120F6
:10409000606584F8350000BF002084F8340000BF5C
:1040A000E06C10B12046E16C884700BF65E5000078
:1040B00010000240100402402DE9F041044601F0D6
:1040C00097FB804614B90120BDE8F081FE492068C5
:1040D000884249D0FC4918312068884244D0FA49C6
:1040E0003031206888423FD0F74948312068884203
:1040F0003AD0F54960312068884235D0F2497831AC
:104100002068884230D0F0499031206888422BD016
:10411000ED49A8312068884226D0EC4920688842C1
:1041200022D0EA491831206888421DD0E749303151
:104130002068884218D0E54948312068884213D069
:10414000E2496031206888420ED0E0497831206829
:10415000884209D0DD4990312068884204D0DB498B
:10416000A8312068884201D1012000E00020002809
:1041700073D0606A00B100BF022084F8350000BF30
:10418000002084F8340000BFCF492068884249D01D
:10419000CD4918312068884244D0CB49303120685D
:1041A00088423FD0C8494831206888423AD0C64941
:1041B00060312068884235D0C34978312068884210
:1041C00030D0C1499031206888422BD0BE49A831F7
:1041D0002068884226D0BD492068884222D0BB4949
:1041E0001831206888421DD0B84930312068884293
:1041F00018D0B64948312068884213D0B34960319D
:10420000206888420ED0B14978312068884209D0B0
:10421000AE4990312068884204D0AC49A83120686A
:10422000884206D12068006820F0010021680860FB
:1042300005E02068006820F00100216808600DE0BA
:1042400001F0D6FAA0EB0800052807D92020606508
:10425000032084F83500012036E769E02068006813
:1042600000F001000028EBD120680568984805405F
:10427000D4E9020108432169084361690843A1693F
:104280000843E1690843216A08430543606A04283A
:1042900003D1D4E90B01084305436068292802D300
:1042A00060682E2817D960683F2802D360684228CA
:1042B00011D96068472802D3606848280BD9606824
:1042C0004F2802D36068522805D96068742804D347
:1042D0006068772801D8012000E0002008B145F48B
:1042E0008015206805602068456925F00705606A2B
:1042F0000543606A04280DD1A06A0543E06A48B10D
:104300002046FDF7F1FC28B140206065012084F8CB
:104310003500D9E6206845612046FDF7C1FB064619
:1043200094F85C0000F01F013F208840B0609EE0E0
:1043300068492068884222D0664914312068884242
:104340001DD0644928312068884218D061493C3129
:104350002068884213D05F495031206888420ED0CF
:104360005C4964312068884209D05A497831206814
:10437000884204D057498C312068884201D10120FD
:1043800000E00020E0B353492068884222D0514920
:104390001431206888421DD04E4928312068884257
:1043A00018D04C493C312068884213D049495031DB
:1043B000206888420ED0474964312068884209D07D
:1043C000444978312068884204D042498C312068C1
:1043D000884201D1012000E0002000B100BF02208E
:1043E00084F8350000BF002084F8340000BF206846
:1043F000056839480540A068402802D1102106E030
:104400002EE0A068802801D1C10100E00021E06811
:1044100041EAD001206941EAD001606941EAD00156
:10442000A06941EAD001E06941EAD001206A41EA8D
:10443000101005432068056026492068401A1421A1
:10444000B0FBF1F08000E0652046FDF729FB074650
:1044500094F85C0000F01F0101208840786006E0BD
:1044600040206065032084F8350001202CE61649C1
:10447000206888427AD0144918312068884275D063
:10448000114930312068884270D00F494831206886
:1044900088426BD00C4960312068884266D00A4956
:1044A00078312068884261D007499031206888427D
:1044B0005CD00549A8312068884257D0034920685C
:1044C000884253D0014909E0100002401004024024
:1044D0003F8010FE085402580F00FEFF183120687C
:1044E000884243D03749206888423FD03549183147
:1044F000206888423AD0334930312068884235D02C
:10450000304948312068884230D02E4960312068D7
:1045100088422BD02B4978312068884226D02A49FE
:104520002068884222D028491431206888421DD052
:10453000254928312068884218D023493C31206819
:10454000884213D020495031206888420ED01E493D
:1045500064312068884209D01B497831206888423C
:1045600004D019498C312068884201D1012000E033
:10457000002000B32046FDF709FBA068802801D188
:10458000002060602079216E0860D4E9191048602D
:10459000606860B16068082809D82046FDF758FBBC
:1045A0000020E16E0860D4E91C10486003E00020A0
:1045B000E0662067606700206065012084F83500B0
:1045C000002081E5400402400854025870B50446BA
:1045D00001F00EF906462546681C10B10448007823
:1045E000054400BF01F004F9801BA842FAD370BD56
:1045F0001800002430B5034693F89840012C01D0F0
:10460000022C3ED11868806D084030B91868C06D22
:1046100040F001001D68E8650EE01868806D0840F4
:10462000884206D11868C06D40F002001D68E86538
:1046300002E003201D68E86501F4007030B11868DD
:10464000D0F8E00010431D68C5F8E00001F4806078
:1046500030B11868D0F8E40010431D68C5F8E400D4
:1046600000BF1868406D0B4D0D4028431D686865FC
:104670000948006840EA9170074D286000BF00209B
:1046800030BDD3F89C0040F00200C3F89C0001202C
:10469000F6E70000FFFFCF3F14A800402DE9F041EE
:1046A00004460E461746706800B900E000BF94F853
:1046B0009800022832D12068D0F8C00000F07C5069
:1046C00040B9D4F89C0040F02000C4F89C000120C0
:1046D000BDE8F0812068D0F8C40000F4001038B1C3
:1046E000D4F89C0040F40070C4F89C000120EFE76F
:1046F0002068D0F8C400C0F304452B463A46314642
:104700002046FEF711F90120A8402168C1F8D00029
:104710000120A840C4F894000020D9E7D4F89C00F8
:1047200040F00800C4F89C000120D1E7704710B5A4
:10473000034601B900E000BF93F89800012824D196
:1047400051B91868D0F8F00020F07C5040EA0260BF
:104750001C68C4F8F00016E001290AD11868D0F8E6
:10476000A00020F0FE4040EA02601C68C4F8A000EF
:1047700009E01868D0F8B00020F0FE4040EA02607E
:104780001C68C4F8B000002010BDD3F89C0040F0B5
:104790000400C3F89C000120F6E7F0B5024692F849
:1047A0009860012E01D0022E43D1C868072800D19D
:1047B00000BF086818BBC868072800D000BFC868D9
:1047C00007280BD1088A4FF0605747EA0040CF69AD
:1047D00040EA07208F6940EA07030AE0087A800769
:1047E0000F7B40EAC7600F8A40EA07404F6940EA02
:1047F0000703D76E486807EB8004236017E0C8689A
:10480000072800D000BF0F7B086940EA4773C868DB
:10481000072801D18D6903E00F7A486940EA87755E
:10482000176F486807EBC0042360241D2560002033
:10483000F0BDD2F89C0040F00200C2F89C000120BC
:10484000F6E770B50446049D94F8980001280AD153
:10485000080140EA820040EA430028432668C6F87F
:104860008000002070BDD4F89C0040F00400C4F823
:104870009C000120F6E77047704700002DE9F043E7
:1048800004460D469C46002394F89880B8F1020F28
:104890007ED1402D3FD12068D0F8A00000F4FE006A
:1048A00040B9D4F89C0040F02000C4F89C000120DE
:1048B000BDE8F0832068D0F8A40000F07F0038B98C
:1048C000D4F89C0040F48070C4F89C000120EFE70D
:1048D0002068D0F8A400C0F305232068D0F8A40015
:1048E000C0F3006080B12068D0F8A0004FF001094B
:1048F000B9EBD07F08D12068D0F8A000C0F3064003
:1049000003F1010900EA0903606C5843D4F874907C
:1049100009EB800153E0412D40D12068D0F8B00070
:1049200000F4FE0038B9D4F89C0040F02000C4F830
:104930009C000120BCE72068D0F8B40000F07F00A4
:1049400038B9D4F89C0040F48070C4F89C00012071
:10495000AEE72068D0F8B400C0F305232068D0F893
:10496000B400C0F3006080B12068D0F8B0004FF010
:104970000109B9EBD07F08D12068D0F8B000C0F3AE
:10498000064003F1010900EA0903E06C584300E026
:1049900072E0D4F8789009EB800110E0206DA84215
:1049A00007D8D4F89C0040F02000C4F89C000120F7
:1049B0007EE7606D6843D4F87C9009EB800108685D
:1049C00000F080405060506820B90868C0F38A4009
:1049D000106003E0086820F060401060086800F094
:1049E00000509060086800F000401061091D0888C0
:1049F00080B2D0610868C0F30340D060086800F45A
:104A000080105061086800F4001090610868C0F3DD
:104A1000066010620868C00F5062091D0F4600262C
:104A200003E0B85D0CF80600761CDFF85C90D068F7
:104A300019F80000B042F4D8402D03D12068C0F826
:104A4000A83017E0412D03D12068C0F8B83011E03C
:104A5000202D06D20120A840D4F80090C9F8980073
:104A600008E005F01F09012000FA09F0D4F80090D1
:104A7000C9F89C0000201BE7D4F89C0040F0080017
:104A8000C4F89C00012013E7288D0108704700003E
:104A90002DE9F04F8DB00446EF4800688707EE48D7
:104AA000001D006807EA80772068006D00F47048F8
:104AB0002068406D00EA08082068006D00F00F09CA
:104AC0002068406D00EA09092068006D00F0F00AD6
:104AD0002068406D00EA0A0A2068006D00F0715BF2
:104AE0002068406D00EA0B0B2068006D00F06070DC
:104AF0000C902068406D0C9908400C902068456D22
:104B00002068066DC5F3002070B1C6F3002058B1CF
:104B100000BF4FF48070216808650020CE4908600E
:104B200000BF2046FFF7B2FFC5F38020C8B1C6F32F
:104B30008020B0B12068D0F8DC000A902068D0F85E
:104B4000E4000A9908400A9000BF4FF48060216891
:104B500008650020C049086000BF20460A9900F09F
:104B6000E0FC67B100BFBD48384021680865B80F58
:104B7000B949086000BF39462046FFF7D7FDB8F1B4
:104B8000000F0ED000BFB54808EA00002168086594
:104B90004FEA9870B049086000BF4146204600F0D7
:104BA000C2FCB9F1000F0ED000BFAC4809EA00000A
:104BB000216808654FEA9970A749086000BF494617
:104BC000204600F0DFFBBAF1000F0ED000BFA34873
:104BD0000AEA0000216808654FEA9A709E49086059
:104BE00000BF5146204600F07BFCC5F3C02070B1E9
:104BF000C6F3C02058B100BF4FF4006021680865BB
:104C000000209549086000BF204600F08DFCC5F3E8
:104C10004020C8B1C6F34020B0B12068D0F8D80019
:104C20000B902068D0F8E0000B9908400B9000BF73
:104C30004FF400702168086500208749086000BFB4
:104C400020460B9900F06EFCC5F3C04070B1C6F36E
:104C5000C04058B100BF4FF4002021680865002013
:104C60007D49086000BF204600F08AFBC5F3004084
:104C700070B1C6F3004058B100BF4FF480302168D6
:104C8000086500207449086000BF204600F048FC19
:104C9000C5F3804070B1C6F3804058B100BF4FF4F7
:104CA00080202168086500206B49086000BF20460D
:104CB00000F035FCC5F3404088B1C6F3404070B108
:104CC00000BF4FF400302168086500206249086089
:104CD00000BFD4F89C0040F08000C4F89C000C9801
:104CE00070B100BF5D490C980840216808650C98B8
:104CF000800F5949086000BF20460C99FFF7BCFDA2
:104D0000BBF1000F10D000BF54480BEA000021682F
:104D100008654FEA9B705049086000BFD4F89C00BA
:104D200040EA0B00C4F89C004D49206888427DD1C0
:104D30006068806800F00300002877D06068006A2F
:104D400000F00F0009906068406A099908400990D6
:104D50006068006A00F0300008906068406A089956
:104D6000084008906068006A00F4C07007906068AE
:104D7000406A0799084007906068006A00F4FC40A8
:104D800006906068406A0699084006906068006A6C
:104D900000F4F02005906068406A0599084005908D
:104DA0006068406A02906068006A0190099830B1BA
:104DB0000998616808622046099900F0ADFB0898DF
:104DC00030B10898616808622046089900F0A6FB97
:104DD0000298C0F38010A0B10198C0F3801080B198
:104DE0006068C06B000C04906068C06B00F03F000E
:104DF00003904020616808622046DDE9032100F04D
:104E00008CFB079830B107986168086220460799C3
:104E100000F081FB069840B1069861680862D4F8FA
:104E20009C0006990843C4F89C0000E00AE005983D
:104E300040B1059861680862D4F89C000599084360
:104E4000C4F89C00D4F89C0010B12046FFF713FD75
:104E50000DB0BDE8F08F000010A80040FFFFCF3F6D
:104E600000A0004070B594B004464C22B34901A89C
:104E7000FBF7DFFA14B9012014B070BDB049206807
:104E8000884203D1206800F580706060A068B0F5AA
:104E9000407F00D100BF206C00B100BFA06C00B10A
:104EA00000BF206D00B100BF206E00B100BFD4E98B
:104EB0001710084400B100BF94F8980028B90020EA
:104EC00084F89900204600F03DF92068806920F0C0
:104ED00010002168886100F08BFC05460EE000F0B0
:104EE00087FC401B0A2809D99834606840F001000B
:104EF0006060032004F898090120BDE720688069FC
:104F000000F008000828EAD02068806940F001001D
:104F10002168886100F06CFC05460EE000F068FC3A
:104F2000401B0A2809D99834606840F0010060608D
:104F3000032004F8980901209EE72068806900F0AA
:104F400001000028EAD02068806940F00200216852
:104F50008861207C012806D12068806920F040000B
:104F60002168886105E02068806940F04000216880
:104F70008861607C012806D12068806940F4804007
:104F80002168886105E02068806920F480402168FC
:104F90008861A07C012806D12068806920F48050B7
:104FA0002168886105E02068806940F480502168AC
:104FB00088612068806920F44070A16808432168F6
:104FC00088612068806920F0A400216888612068D9
:104FD000006920F0100021680861E068012806D10E
:104FE0002068806940F004002168886120E0E06862
:104FF000F0B1E068022815D02068806940F0800098
:10500000216888612068006940F01000216808610B
:10501000E06803280CD12068806940F020002168F6
:10502000886105E02068806940F02000216888617F
:10503000207E401E4106E069401E41EA0020216AB0
:10504000491E0843A18A491E40EA01402168C861FF
:10505000A068B0F5407F0FD1A06A401EE16A491EEA
:1050600040EA0121206B401E41EA0011A08C401E45
:1050700041EA00402168C860206E38B12068D0F84D
:10508000C000616E08432168C1F8C000D4E9171060
:10509000084460B12068D0F8C80020F0070001AAD9
:1050A000A16E52F8211008432168C1F8C800206C95
:1050B00060B12068D0F8BC0020F0070001AA616C44
:1050C00052F8211008432168C1F8BC00A06C68B1F7
:1050D0002068D0F8BC0020F0700101AAE06C52F802
:1050E000200041EA00102168C1F8BC00206D68B1C1
:1050F0002068D0F8BC0020F4E06101AA606D52F88D
:10510000200041EA00202168C1F8BC000C49206859
:10511000884205D16068806820F00300616888607B
:10512000002044F8940FA06001202071943C204698
:10513000FDF7EAFA064630469EE60000388D010883
:1051400000A0004010B5B6B00446142130A8FBF70B
:1051500089F9B82102A8FBF785F9824920688842BD
:1051600051D14FF400410020CDE9021048031D90B9
:1051700002A801F015FE08B1FDF780FA7A48006830
:10518000401C794908600846006801280DD100BF1D
:105190007648006840F480707449086008460068EA
:1051A00000F48070019000BF00BF00BF6F480C3852
:1051B000006840F008006D490C3908600846006836
:1051C00000F00800019000BF00BF032030900220D3
:1051D00031900020329033900920349030A96448F7
:1051E00000F002FA00220521132000F00BFC13202E
:1051F00000F0F4FB00220521152000F003FC15202F
:1052000000F0ECFBABE05B492068884251D14FF4E1
:1052100000410020CDE9021048031D9002A801F0D2
:10522000BFFD08B1FDF72AFA4F480068401C4E49FF
:1052300008600846006801280DD100BF4B4800688F
:1052400040F48070494908600846006800F48070A6
:10525000019000BF00BF00BF44480C38006840F018
:10526000020042490C3908600846006800F002005C
:10527000019000BF00BF60203090022031900020DC
:10528000329033900920349030A93B4800F0ACF9BB
:1052900000220521142000F0B5FB142000F09EFB35
:1052A00000220521162000F0ADFB162000F096FB31
:1052B00055E032492068884251D14FF40041002026
:1052C000CDE9021048031D9002A801F069FD08B164
:1052D000FDF7D4F924480068401C234908600846BB
:1052E000006801280DD100BF2048006840F480709C
:1052F0001E4908600846006800F48070019000BFF5
:1053000000BF00BF19480C38006840F0080017497A
:105310000C3908600846006800F00800019000BFE2
:1053200000BF4FF440503090022031900020329066
:1053300033900520349030A90D4800F055F9002233
:1053400005219F2000F05EFB9F2000F047FB00221C
:105350000521A02000F056FBA02000F03FFB36B056
:1053600010BD000000A000400C000024EC440258D6
:10537000000C025800A400400004025800D4004071
:105380007047000030B58DB004460D4601AB03AA4E
:1053900040212046FFF772FA43492068884238D1FD
:1053A0000398A0F2053020B1012811D002282FD196
:1053B0001FE03E48008830B901203C49088001A91F
:1053C0003B48FCF7E3FD01A93948FCF7E9FE1FE083
:1053D0003648408838B901203449488001A934480A
:1053E000B830FCF7D3FD01A93148B830FCF7D8FE3E
:1053F0000EE02E48808830B901202C49888001A910
:105400002C48FCF7C3FD01A92A48FCF7C9FE00BFE0
:1054100000BF2949206888421FD10398A0F20520C7
:1054200030B1012809D002280CD0032814D10EE095
:1054300001A92248FCF741FA0EE001A92048FCF737
:105440003CFA09E001A91F48FCF737FA04E001A97A
:105450001D48FCF732FA00BF00BF1C492068884293
:105460001FD10398A0F2012030B1012809D00228F1
:105470000CD0032814D10EE001A91548FCF71DFA41
:105480000EE001A91348FCF718FA09E001A9124837
:10549000FCF713FA04E001A91048FCF70EFA00BF6C
:1054A00000BF0DB030BD000000A00040A4000024EB
:1054B000986600240868002400A40040EC540024EE
:1054C0008856002424580024C059002400D40040E9
:1054D0005C5B0024F85C0024945E002430600024AF
:1054E0007047014691F8980001280CD1022081F8FC
:1054F00098000868806920F001000A689061002027
:10550000C1F89C007047D1F89C0040F00400C1F83D
:105510009C000120F6E7704770477047704770475E
:1055200070477047704770477047000001280ED1E0
:105530002149097800293ED1204AA2F86C11C2F80D
:105540007411C2F8781101211B4A117033E004284C
:105550000ED11949497871BB0021194AA2F86C1182
:10556000C2F87411C2F878110121134A517022E077
:10557000B0F5005F0ED110498978E1B90021114AD8
:10558000A2F86C11C2F87411C2F8781101210A4A0C
:10559000917010E0B0F5007F0DD10749C97851B97D
:1055A0000021094AA2F86C11C2F87411C2F87811EE
:1055B0000121014AD1707047F10100245C5B002495
:1055C000F85C0024945E00243060002410B504468A
:1055D00004480068204020B1024804602046FFF7DC
:1055E000A5FF10BD88000058F8B502460023714D94
:1055F000DAE001279F400E6806EA0704002C7AD003
:105600000E7906F00306012E04D00E7906F003068B
:10561000022E13D190685F000326BE40B0435F00A6
:10562000CE68BE4030439060506801269E40B04333
:105630000E79C6F300169E40304350600E7906F096
:105640000306032E07D10E7906F00306032E0CD1B4
:105650008E68012E09D0D0685F000326BE40B0439B
:105660005F008E68BE403043D0600E7906F00306BE
:10567000022E13D1DF0802F1200656F827005E073C
:10568000F70E0F26BE40B0435F07FF0E0E69BE4007
:105690003043DF0802F1200646F8270010685F005B
:1056A0000326BE40B0430E7906F003065F00BE40FD
:1056B000304310604E6806F44036002E73D000BFB1
:1056C0003D4E366846F002063B4F3E603E46366829
:1056D00006F00206009600BF00BF384E9F0856F83D
:1056E00027009E07370F0F26BE40B043344EB2420C
:1056F00002D1002629E056E0324EB24201D1012605
:1057000023E0314EB24201D102261EE02F4EB242BA
:1057100001D1032619E02E4EB24201D1042614E035
:105720002C4EB24201D105260FE02B4EB24201D1E0
:1057300006260AE0294EB24201D1072605E0284E8E
:10574000B24201D1092600E00A269F073F0FBE4062
:1057500030431A4E9F0846F827004FF0B046306895
:10576000A0434E6806F4801606B120434FF0B046C1
:1057700030607068A0434E6806F4001606B12043FE
:105780004FF0B04670606868A0434E6806F400367B
:1057900006B1204368602868A0434E6806F480364E
:1057A00006B1204328605B1C0E68DE40002E7FF4AB
:1057B00020AFF8BD80000058F44402580804005897
:1057C000000002580004025800080258000C025859
:1057D000001002580014025800180258001C025809
:1057E000002402580AB1816101E00B048361704713
:1057F000014800687047000010000024034800685A
:1058000003490978084401490860704710000024E2
:105810001800002410B5032000F032F902F034FB28
:1058200010490968C1F303210F4A515C01F01F01BF
:1058300020FA01F40B48006800F00F001146085CE4
:1058400000F01F0024FA00F00849086008480460CE
:105850000F2000F00FF808B1012010BD00F0A6F8ED
:105860000020FAE718440258AC8D010820000024FB
:105870001C00002470B58AB00446102C0AD2002205
:105880002146192000F0BEF8192000F0A7F81948A9
:10589000046002E001200AB070BD00BF1648006835
:1058A00040F00100144908600846006800F001005B
:1058B000009000BF00BF01A902A802F065FA02F043
:1058C000D1FA45000D48B5FBF0F0461E0C480D49D5
:1058D000086040F2E7310B48C16046600021016179
:1058E000816003F007FC18B9064803F077FCD2E7A3
:1058F0000120D0E714000024F044025840420F0079
:10590000000001407C0A00244178154A11601449C6
:105910000831096821F00101114A08321160121F93
:1059200041681160017B0907C27A41EA0261827A0B
:1059300041EAC241427B41EA8241827B41EA4241E3
:10594000C27B41EA0241427A41EA0221027A41EAFB
:10595000420102781143024A083211607047000088
:1059600098ED00E0BFF35F8F0548006820F48030B9
:105970000349086000200249703108607047000048
:1059800024ED00E040F00101074A1160064970393A
:10599000096841F48031044A703A1160BFF34F8FB7
:1059A000BFF36F8F7047000094ED00E008B500BFB3
:1059B0000948006840F0020007490860084600688E
:1059C00000F00200009000BF00BF00220F21901ED7
:1059D00000F018F808BD0000F444025801460846DB
:1059E00000280DDB00BF00BF00F01F0301229A401A
:1059F00043099B0003F1E023C3F8002100BF00BF6F
:105A000000BF70472DE9F05F80460D46164610F046
:105A1000B9FC074639462A46334601F00700C0F173
:105A2000070ABAF1040F02D94FF0040A01E0C0F1ED
:105A3000070AD14600F1040ABAF1070F02D24FF06B
:105A4000000A01E0A0F1030AD4464FF0010A0AFA65
:105A500009FAAAF1010A0AEA020A0AFA0CFA4FF054
:105A6000010B0BFA0CFBABF1010B0BEA030B4AEA3F
:105A70000B042146404610F08DFCBDE8F09F00006D
:105A800000BF00F00702064B19684FF6FF031940EC
:105A9000044B0B4343EA0221014B196000BF7047DE
:105AA0000CED00E00000FA0501460A680120C1F88B
:105AB000D804002081F8CC04906940F00060906127
:105AC000506D024B184350650020704703000010D2
:105AD000704702461068416200207047F0B50346E7
:105AE00015461868446A21B944EA05401E68B06248
:105AF00019E01868806A04EB1044002208E0186876
:105B000000F5827050F8220004EB1044501CC2B221
:105B1000481E9042F3D844EA0547186800F58270A1
:105B20004E1E40F826700020F0BD10B50446D4F893
:105B3000E0040BF08DFF10BD70B504460D4605EB7B
:105B4000C50304F1140101EB8301CA682946D4F8A6
:105B5000E0040BF070FE70BD70B504460D4605EB19
:105B6000C50304F5157101EB8301CA682946D4F811
:105B7000E0040BF0E8FE70BD10B50446D4F8E00474
:105B80000BF069FF10BD2DE9F04104460D4605F00C
:105B90008000802808D105F00F0000EBC00104F15F
:105BA000140000EB810607E005F00F0000EBC001D8
:105BB00004F5157000EB8106314620680DF0B0F950
:105BC00007463846BDE8F08170B504460E4606F03B
:105BD000800080280AD106F00F0000EBC00104F11C
:105BE000140000EB81050120687009E006F00F0049
:105BF00000EBC00104F5157000EB81050020687012
:105C000006F00F00287000BF94F89404012801D119
:105C1000022070BD012084F8940400BF294620684A
:105C20000CF010FD00BF002084F8940400BF00BFFA
:105C3000EFE770B504460E4606F00F002179884262
:105C400001D9012070BD06F0800080280AD106F03D
:105C50000F0000EBC00104F1140000EB81050120EE
:105C6000687009E006F00F0000EBC00104F5157044
:105C700000EB8105002068700020A87006F00F007E
:105C8000287000BF94F89404012801D10220D9E7BC
:105C9000012084F8940400BF294620680CF0CCFE53
:105CA00000BF002084F8940400BF00BFCAE702468A
:105CB00001F00F0000EBC00302F5157000EB83004C
:105CC000406970472DE9F04705460E4690461F464D
:105CD0004FF0000906F0800080280AD106F00F007E
:105CE00000EBC00105F1140000EB8104012060709D
:105CF00009E006F00F0000EBC00105F5157000EBA0
:105D000081040020607006F00F002070C8F30A00C4
:105D1000A0602771607808B120786083022F01D1DC
:105D20000020607100BF95F89404012802D1022080
:105D3000BDE8F087012085F8940400BF214628685B
:105D40000CF07EFB00BF002085F8940400BF48469D
:105D5000EEE72DE9F04105460E461746984606F057
:105D60000F0000EBC00105F5157000EB8104E76042
:105D7000C4F8108000206061607006F00F00207091
:105D8000A879012800D1E761AA79214628680CF09A
:105D9000E7FE0020BDE8F08170B504460D4605F031
:105DA0000F002179884201D9012070BD05F08000E3
:105DB00080280AD105F00F0000EBC00104F11400A7
:105DC00000EB81060120707007E005EBC50104F5CA
:105DD000157000EB8106002070700120B07005F096
:105DE0000F00307000BF94F89404012801D1022004
:105DF000DBE7012084F8940400BF314620680CF0F2
:105E000062FE05F00F0028B9A17904F29C422068D7
:105E10000CF0DAFD00BF002084F8940400BF00BF3E
:105E2000C3E72DE9F04105460E461746984606F0B1
:105E30000F0000EBC00105F1140000EB8104E760E6
:105E4000C4F81080002060610120607006F00F002F
:105E50002070A879012800D1E761AA792146286835
:105E60000CF07EFE0020BDE8F0812DE9FE4F0446D7
:105E7000D4F800B05E4620680DF078F9002874D19F
:105E800020680DF0B2F908B9BDE8FE8F40F60800B1
:105E90008059C0F30D20C4F8D40420680DF0A5F992
:105EA00000F00200022805D12068406900F00200DD
:105EB0002168486120680DF098F900F01000102862
:105EC00045D12068806920F0100021688861DBF8E6
:105ED000209009F00F0000EBC00104F5157000EBF5
:105EE000810AC9F3434002281AD147F6F07009EA43
:105EF000000030B3C9F30A125846DAF80C100DF05E
:105F000079F9C9F30A11DAF80C000844CAF80C0050
:105F1000C9F30A11DAF814000844CAF8140010E0B2
:105F2000C9F3434006280CD1082204F29C4158468C
:105F30000DF060F9C9F30A11DAF814000844CAF840
:105F400014002068806940F0100021688861206892
:105F50000DF04BF900F40020B0F5002F7BD10025A7
:105F600020680DF012F9029072E017E3029800F039
:105F70000100002868D0E9B220680DF029F98046B8
:105F800008F0010048B1012106F5306000EB451032
:105F900081602946204608F0A3FD08F00800082883
:105FA00009D1082106F5306000EB451081602946D3
:105FB000204608F063FD08F01000102805D11021DC
:105FC00006F5306000EB4510816008F00200022801
:105FD00024D1DBF8140000F08000802807D140F6BF
:105FE0000400805940F4806140F60400815105EBC3
:105FF000C50104F5157000EB810A9AF80300012829
:1060000006D100208AF80300E9B2204600F0D1FA58
:10601000022106F5306000EB4510816008F0200099
:10602000202805D1202106F5306000EB4510816065
:1060300008F40050B0F5005F06D14FF4005106F5AA
:10604000306000EB451081606D1C029840080290A2
:10605000029800288AD120680DF0C7F800F480204B
:10606000B0F5802F7DD120680DF085F802900025D5
:106070009AE0029800F00100002873D0E9B220688D
:106080000DF08DF8804608F00100F0B305F00F0127
:1060900001208840019040F634008159019821EA9E
:1060A000000040F634018851012106F5106000EB34
:1060B00045108160A079012824D105EBC50104F1C8
:1060C000140000EB810005EBC502C16804F1140067
:1060D00000EB82008068014405EBC50204F1140066
:1060E00000EB8200C1606DB905EBC50104F114003D
:1060F00000EB8100006928B904F29C42012120686C
:106100000CF062FCE9B2204600E001E0FFF714FD6C
:1061100008F00800082805D1082106F5106000EBFA
:106120004510816008F01000102805D1102106F5F7
:10613000106000EB4510816008F04000402805D158
:10614000402106F5106000EB4510816008F0020068
:1061500002281DD1294658460CF0CBFF05EBC5019E
:1061600001E025E01CE004F1140000EB810A9AF83C
:106170000300012806D100208AF80300E9B2204676
:1061800000F00EFA022106F5106000EB4510816068
:1061900008F08000802803D12946204608F042FDFF
:1061A0006D1C029840080290029800287FF461AFAD
:1061B00020680DF01AF800F00040B0F1004F1CD13B
:1061C00040F60400805920F0010140F6040081519E
:1061D00094F8CC04012807D1002084F8CC040021D5
:1061E0002046FFF775FC02E0204600F0EBFA20683D
:1061F000406900F000402168486120680CF0F5FF1C
:1062000000F40060B0F5006F0ED140F60800805930
:1062100000F0010010B1204600F02CFB206840691E
:1062200000F400602168486120680CF0DEFF00F097
:106230000060B0F1006F19D12068406900F0006083
:106240002168486194F8CC0468B9012084F8CC0432
:106250002068406DC0F38300C4F8D00401212046BB
:10626000FFF736FC02E0204600F004FB20680CF04B
:10627000BCFF00F48050B0F5805F7ED140F6040092
:10628000805920F0010140F604008151102120685E
:106290000CF02FFF002732E04FF67F3106F510603B
:1062A00000EB4710816006F5106000EB47100068B6
:1062B00020F4001106F5106000EB471001604FF666
:1062C0007F3106F5306000EB4710816006F53060E5
:1062D00000EB4710006820F4001106F5306000EB79
:1062E0004710016006F5306000EB4710006840F091
:1062F000006106F5306000EB471001607F1C2079DB
:10630000B842C9D840F61C00805940F0011140F64F
:106310001C008151E07B70B1D6F8840840F00B017D
:10632000C6F8841840F64400805940F00B0140F64E
:10633000440081510FE040F61400805942F22B01D5
:10634000084340F614018851081F805940F00B01A2
:106350004FF401608151D6F8000820F4FE60C6F8C1
:106360000008A17904F29C4220680CF02DFB206803
:10637000406900F48050216800E000E04861206836
:106380000CF033FF00F40050B0F5005F17D1206827
:106390000CF0BEF820680CF0D6FEE07101F02AFD8A
:1063A0000090E279206800990CF0A6FF204600F0EA
:1063B000F1F92068406900F40050216848612068C4
:1063C0000CF013FF00F00800082808D1204600F068
:1063D00000FA2068406900F00800216848612068E0
:1063E0000CF003FF00F0800080282CD1DBF81800AF
:1063F00020F08000CBF81800012521E005EBC50155
:1064000004F5157000EB8100C078012817D106F55E
:10641000306000EB4510006840F0006106F5306028
:1064200000EB4510016006F5306000EB4510006898
:1064300040F0804106F5306000EB451001606D1CB6
:106440002079A842DAD820680CF0CFFE00F4801042
:10645000B0F5801F2DD1012522E006F5106000EB7C
:106460004510D0F8009005EBC50104F1140000EBD5
:1064700081000079012812D109F00040B0F1004FED
:106480000DD1012105EBC50204F1140000EB8200DF
:10649000C170E8B240F080012046FFF774FB6D1C2C
:1064A0002079A842D9D82068406900F4801021687A
:1064B000486120680CF099FE00F40010B0F5001F50
:1064C00044D1012538E006F5306000EB4510D0F8E6
:1064D000009005EBC50104F5157000EB8100007913
:1064E000012828D109F00040B0F1004F23D194F8E1
:1064F000D40400F00100C9F3004188421BD10121FE
:1065000005EBC50204F5157000EB8200C170DBF8E5
:10651000180040F08000CBF81800DBF8140000F001
:10652000800040B940F60400805940F4007140F604
:106530000400815103E06D1C2079A842C3D800BF3C
:106540002068406900F400102168486120680CF060
:106550004CFE00F08040B0F1804F08D12046FFF79C
:10656000E4FA2068406900F08040216848612068B2
:106570000CF03BFE00F0040004280FD12068D0F896
:10658000049009F00400042802D12046FFF7F4FA31
:106590002068406840EA09002168486000BF73E451
:1065A00070B504460D462946D4F8E0040BF0C4FA51
:1065B00070BD70B504460D462946D4F8E0040BF0D2
:1065C000DFFA70BD38B504460CB9012038BD94F827
:1065D000950428B9002084F89404204600F0A2F81D
:1065E000032084F8950420680CF0E6F9207C8DF8EF
:1065F000000094E80F000BF09FFF20B1022084F808
:1066000095040120E2E7002120680CF023FE20B170
:10661000022084F895040120D8E7002531E001210B
:1066200005EBC50204F1140000EB8200417005EB9C
:10663000C50104F1140000F8215005EBC50100EB81
:1066400081004583002105EBC50204F1140000EB35
:106650008200017105EBC50204F1140000EB820019
:10666000816005EBC50204F1140000EB8200C160FB
:1066700005EBC50204F1140000EB82000161681C07
:10668000C5B22079A842CADC00252AE0002105EB2A
:10669000C50204F5157000EB8200417005EBC501E1
:1066A00004F5157000F82150002105EBC50200EB40
:1066B0008200017105EBC50204F5157000EB820044
:1066C000816005EBC50204F5157000EB8200C16026
:1066D00005EBC50204F5157000EB82000161681C32
:1066E000C5B22079A842D1DC207C8DF8000094E866
:1066F0000F000CF071F820B1022084F895040120FD
:1067000064E700206074012084F89504207B012850
:1067100002D12046FFF7C8F920680CF04BF80020A2
:1067200054E7000010B5B0B00446B82102A8F9F74C
:1067300099FE16492068884225D14FF48021002017
:10674000CDE902104FF44010239002A800F028FB7E
:1067500008B1FBF793FF00F0D7F800BF0C480068C2
:1067600040F000700A4908600846006800F00070B8
:10677000019000BF00BF002205214D20FFF742F924
:106780004D20FFF72BF930B010BD00000000044091
:10679000D844025870B504460125E07908B90025AF
:1067A00006E0E079022801D1012501E0FBF766FF50
:1067B0002946D4F8E0040BF08DFAD4F8E0040BF08D
:1067C00033FA70BD10B50446D4F8E0040BF063FA58
:1067D00010BD10B50446D4F8E0040BF067FA10BD04
:1067E00070B504460D4600BF94F89404012801D109
:1067F000022070BD012084F8940400BF657429460E
:1068000020680CF05BFD00BF002084F8940400BFFA
:1068100000BFEEE710B5044604F29C41D4F8E00452
:106820000BF06FFA10BD70B50446256800BF94F8F0
:106830009404012801D1022070BD012084F8940441
:1068400000BFE86800F0400030B1607B012803D150
:10685000A86B40F48030A86320680CF01BFC206813
:106860000BF096FF00BF002084F8940400BF00BF27
:10687000E2E7000010B50446D4F8E0040BF09EFAFD
:106880002068D0F8000E40F001002168C1F8000E29
:10689000E07A28B10348006840F00600014908602A
:1068A00010BD000010ED00E070B50446154800680A
:1068B000C0F3800048B91348006800F00700A04208
:1068C00001D0012070BD0020FCE70E48006820F0D8
:1068D000070020430B490860FEF78AFF054607E0E2
:1068E000FEF786FF401BB0F57A7F01D90120E9E76A
:1068F000044808380068C0F340300028F0D0002079
:10690000E0E700000C4802580348006840F080703F
:1069100001490860704700000C48025810B501F0AA
:1069200069FA05490968C1F30211044A515C01F092
:106930001F01C84010BD000020440258AC8D010862
:1069400070B50146844D2D6805F00303824D2D6816
:10695000C5F30530804D2D1D2D68C5F300147E4D07
:1069600014352D68C5F3CC0515FB04F501EE105A5E
:10697000B8EE411AF0EE410A00286FD023B1012B86
:106980004ED0022B6BD16BE0734D283D2D68C5F3C3
:1069900040153DB3704D283D2D68C5F3C1066F4DC0
:1069A00025FA06F201EE102AF8EE411A01EE100A5D
:1069B000B8EE411A81EE812A9FED691AC0EE811A64
:1069C000654D10352D68C5F3080501EE105AB8EE77
:1069D000411A31EE811AF7EE001A31EE211A22EE39
:1069E000010A1CE001EE100AB8EE411ADFED5D1A53
:1069F00081EE812A9FED5A1AC0EE811A564D10354C
:106A00002D68C5F3080501EE105AB8EE411A31EEB3
:106A1000811AF7EE001A31EE211A22EE010A5BE02C
:106A200001EE100AB8EE411ADFED4F1A81EE812A0D
:106A30009FED4B1AC0EE811A474D10352D68C5F3F6
:106A4000080501EE105AB8EE411A31EE811AF7EE40
:106A5000001A31EE211A22EE010A3DE077E01DE036
:106A600001EE100AB8EE411A9FED402AC2EE011A5B
:106A70009FED3B1A80EE812A374D10352D68C5F306
:106A8000080501EE105AB8EE411A32EE011AB7EEBF
:106A9000002A31EE021A21EE810A1DE001EE100AF1
:106AA000B8EE411ADFED301A81EE812A9FED2C1AE3
:106AB000C0EE811A284D10352D68C5F3080501EE8A
:106AC000105AB8EE411A31EE811AF7EE001A31EE83
:106AD000211A22EE010A00BF00BF1F4D10352D689C
:106AE000C5F3462501EE105AB8EE411AF7EE001A2A
:106AF00031EE211AC0EE011ABCEEE11A81ED001A46
:106B0000154D10352D68C5F3064501EE105AB8EE47
:106B1000411AF7EE001A31EE211AC0EE011ABCEE4E
:106B2000E11A81ED011A0C4D10352D68C5F306658B
:106B300001EE105AB8EE411AF7EE001A31EE211AA2
:106B4000C0EE011ABCEEE11A81ED021A03E0002545
:106B50000D604D608D6070BD284402580090D003D8
:106B6000000000460024744C0024744A001BB74BFC
:106B700070B50146844D2D6805F00303824D2D68E4
:106B8000C5F30550804D2D1D2D68C5F300247E4DA5
:106B90001C352D68C5F3CC0515FB04F501EE105A24
:106BA000B8EE411AF0EE410A00286FD023B1012B54
:106BB0004ED0022B6BD16BE0734D283D2D68C5F391
:106BC00040153DB3704D283D2D68C5F3C1066F4D8E
:106BD00025FA06F201EE102AF8EE411A01EE100A2B
:106BE000B8EE411A81EE812A9FED691AC0EE811A32
:106BF000654D18352D68C5F3080501EE105AB8EE3D
:106C0000411A31EE811AF7EE001A31EE211A22EE06
:106C1000010A1CE001EE100AB8EE411ADFED5D1A20
:106C200081EE812A9FED5A1AC0EE811A564D183511
:106C30002D68C5F3080501EE105AB8EE411A31EE81
:106C4000811AF7EE001A31EE211A22EE010A5BE0FA
:106C500001EE100AB8EE411ADFED4F1A81EE812ADB
:106C60009FED4B1AC0EE811A474D18352D68C5F3BC
:106C7000080501EE105AB8EE411A31EE811AF7EE0E
:106C8000001A31EE211A22EE010A3DE077E01DE004
:106C900001EE100AB8EE411A9FED402AC2EE011A29
:106CA0009FED3B1A80EE812A374D18352D68C5F3CC
:106CB000080501EE105AB8EE411A32EE011AB7EE8D
:106CC000002A31EE021A21EE810A1DE001EE100ABF
:106CD000B8EE411ADFED301A81EE812A9FED2C1AB1
:106CE000C0EE811A284D18352D68C5F3080501EE50
:106CF000105AB8EE411A31EE811AF7EE001A31EE51
:106D0000211A22EE010A00BF00BF1F4D18352D6861
:106D1000C5F3462501EE105AB8EE411AF7EE001AF7
:106D200031EE211AC0EE011ABCEEE11A81ED001A13
:106D3000154D18352D68C5F3064501EE105AB8EE0D
:106D4000411AF7EE001A31EE211AC0EE011ABCEE1C
:106D5000E11A81ED011A0C4D18352D68C5F3066551
:106D600001EE105AB8EE411AF7EE001A31EE211A70
:106D7000C0EE011ABCEEE11A81ED021A03E0002513
:106D80000D604D608D6070BD284402580090D003A6
:106D9000000000460024744C0024744A001BB74BCA
:106DA0002DE9F04104460025A8464FF00062D4E9E1
:106DB000001011400020134659404040014331D19A
:106DC000606E48B1B0F5801F0DD0B0F5001F11D036
:106DD000B0F5401F16D114E0FE48006840F40030C2
:106DE000FC49086010E0022104F1080008F036FABE
:106DF000054609E0022104F1280008F0E1FA054601
:106E000002E001E0012500BF00BF55B9F148243080
:106E1000006820F44010616E0843EE492431086098
:106E200000E0A8464FF48072D4E900101140002021
:106E300013465940404001432ED1A06D05281BD276
:106E4000DFE800F0030A11181900E248006840F476
:106E50000030E049086011E0002104F1080008F06A
:106E6000FDF905460AE0002104F1280008F0A8FA1F
:106E7000054603E002E001E0012500BF00BF55B96F
:106E8000D4482430006820F00700A16D0843D149A0
:106E90002431086000E0A8464FF48062D4E9001075
:106EA0001140002013465940404001433DD1D4F8E1
:106EB000A400B0F5C00F24D007DC68B1B0F5001F06
:106EC00011D0B0F5800F1FD114E0B0F5000F19D02C
:106ED000B0F5200F18D116E0BE48006840F400302D
:106EE000BC49086012E0002104F1080008F0B6F97E
:106EF00005460BE0002104F1280008F061FA054680
:106F000004E003E002E001E0012500BF00BF5DB93D
:106F1000B0482C30006820F46000D4F8A410084376
:106F2000AC492C31086000E0A8464FF40062D4E977
:106F300000011040002113465840494008433DD10C
:106F4000D4F8A800B0F1407F24D007DC68B1B0F1DC
:106F5000807F11D0B0F1007F1FD114E0B0F1806FBD
:106F600019D0B0F1A06F18D116E09A48006840F42B
:106F700000309849086012E0002104F1080008F090
:106F80006DF905460BE0002104F1280008F018FA1D
:106F9000054604E003E002E001E0012500BF00BF78
:106FA0005DB98C482C30006820F0E060D4F8A8105F
:106FB000084388492C31086000E0A8464FF0007370
:106FC000D4E900101940002059404040014328D125
:106FD000E06CA8B1102804D0202809D0302810D1A6
:106FE0000DE07C48006840F400307A4908600AE00F
:106FF000022104F1080008F031F9054603E002E03F
:1070000001E0012500BF00BF55B97248203000687B
:1070100020F03000E16C08436E492031086000E048
:10702000A8464FF48053D4E900101940002059407D
:107030004040014337D1E06DB0F5005F1AD004DC69
:1070400050B1B0F5805F1ED10DE0B0F5405F18D0B3
:10705000B0F5804F17D115E05E48006840F400306D
:107060005C49086011E0002104F1080008F0F6F81E
:1070700005460AE0002104F1280008F0A1F90546C0
:1070800003E002E001E0012500BF00BF55B951480F
:107090002430006820F4E040E16D08434D4924317C
:1070A000086000E0A8464FF40053D4E900101940EE
:1070B000002059404040014335D1206EB0F5403F9B
:1070C0001ED007DC68B1B0F5803F0BD0B0F5003FB3
:1070D00019D10EE0B0F5802F13D0B0F5A02F12D14A
:1070E00010E012E0012104F1080008F0B7F80546AD
:1070F0000BE0012104F1280008F062F9054604E0E4
:1071000003E002E001E0012500BF00BF55B93148AE
:107110002430006820F4E020216E08432D492431FA
:10712000086000E0A8464FF48042D4E90001104016
:107130000021134658404940084337D1D4F8AC00E9
:10714000B0F1405F1ED007DC68B1B0F1805F0BD0BA
:10715000B0F1005F19D10EE0B0F1804F13D0B0F163
:10716000A04F12D110E012E0012104F1080008F054
:1071700075F805460BE0012104F1280008F020F91C
:10718000054604E003E002E001E0012500BF00BF86
:107190005DB910482C30006820F0E040D4F8AC1005
:1071A00008430C492C31086000E0A8464FF4004326
:1071B000D4E90001184000215840494008432AD131
:1071C000E06EB8B1B0F1805F06D0B0F1005F12D1CF
:1071D00009E000002C440258F948006840F40030EF
:1071E000F749086009E0012104F1080008F036F8C9
:1071F000054602E001E0012500BF00BF55B9F04897
:107200002430006820F04050E16E0843EC492431FE
:10721000086000E0A8464FF08073D4E900101940E0
:10722000002059404040014328D1A06CA8B101285A
:1072300004D0022809D0032810D10DE0E0480068EE
:1072400040F40030DE4908600AE0022104F1080041
:1072500008F004F8054603E002E001E0012500BF64
:1072600000BF55B9D6482030006820F00300A16C5B
:107270000843D3492031086000E0A8464FF480035A
:10728000D4E90010194000205940404001437DD10D
:10729000CC48006840F48070CA490860FEF7A8FA3C
:1072A000064606E0FEF7A4FA801B642801D90325F0
:1072B00005E0C448006800F480700028F2D000BFE8
:1072C00085BBBF484430006800F44070B4F8B0108B
:1072D00001F44071884213D0B9484430006820F46A
:1072E0004077B7484430006840F48030B4494431B6
:1072F00008600846006820F480300860084607608F
:10730000D4F8B000B0F5807F15D1FEF771FA0646CB
:1073100009E0FEF76DFA801B41F28831884202D9FC
:10732000032507E038E0A64844300068C0F3400079
:107330000028EED000BF55BB00BFB4F8B00000F489
:107340004070B0F5407F0ED19D481C38006820F495
:107350007C519D4AD4F8B000104041EA1010984981
:107360001C39086007E096481C38006820F47C50FF
:1073700093491C390860924844300068B4F8B01052
:10738000C1F30B0108438E49443101E005E001E0FF
:10739000086002E0A84600E0A8460122D4E9000106
:1073A00010400021134658404940084330D1A06F97
:1073B00018281AD005DC48B1082808D0102817D1A1
:1073C0000CE0202812D0282812D110E012E0012170
:1073D00004F1080007F042FF05460BE0012104F12B
:1073E000280007F0EDFF054604E003E002E001E0BD
:1073F000012500BF00BF55B971482830006820F052
:107400003800A16F08436E492831086000E0A846A3
:107410000223D4E9001019400020594040400143A4
:1074200029D1606F062816D2DFE800F003040B12A2
:10743000131412E0012104F1080007F00FFF0546C4
:107440000BE0012104F1280007F0BAFF054604E033
:1074500003E002E001E0012500BF00BF55B9584834
:107460002830006820F00700616F08435449283134
:10747000086000E0A8460422D4E900101140002072
:1074800013465940404001432BD1D4F890000628C0
:1074900016D2DFE800F003040B12131412E00121EE
:1074A00004F1080007F0DAFE05460BE0012104F1C3
:1074B000280007F085FF054604E003E002E001E054
:1074C000012500BF00BF5DB93D482C30006820F0A9
:1074D0000700D4F89010084339492C31086000E0C7
:1074E000A8462023D4E90001184000215840494013
:1074F000084337D1D4F88C00B0F1405F1ED007DCD0
:1075000068B1B0F1805F0BD0B0F1005F19D10EE02F
:10751000B0F1804F13D0B0F1A04F12D110E012E0C3
:10752000002104F1080007F099FE05460BE0022156
:1075300004F1280007F044FF054604E003E002E000
:1075400001E0012500BF00BF5DB91D48283000687B
:1075500020F0E040D4F88C10084319492831086025
:1075600000E0A8464023D4E900101940002059400B
:10757000404001433CD1D4F89800B0F5406F25D08D
:1075800007DC68B1B0F5806F0BD0B0F5006F20D18B
:107590000EE0B0F5805F1AD0B0F5A05F19D117E00A
:1075A00019E0002104F1080007F058FE054612E03A
:1075B000022104F1280007F003FF05460BE000005C
:1075C0002C44025800480258FFFCFF0F03E002E081
:1075D00001E0012500BF00BF4DB9FE48006820F45E
:1075E000E050D4F898100843FA49086000E0A84633
:1075F0008023D4E900101940002059404040014345
:1076000035D1D4F89C00B0F5C04F1ED007DC68B16E
:10761000B0F5005F0BD0B0F5804F19D10EE0B0F59A
:10762000004F13D0B0F5204F12D110E012E000212E
:1076300004F1080007F012FE05460BE0022104F1F8
:10764000280007F0BDFE054604E003E002E001E08B
:10765000012500BF00BF4DB9DE48006820F460403E
:10766000D4F89C100843DB49086000E0A8460823D2
:10767000D4E900011840002158404940084317D17F
:10768000D4F88000B0F5805F07D1022104F1280012
:1076900007F096FE08B14FF00108CE48001F0068C1
:1076A00020F44050D4F880100843CA49091F0860EC
:1076B0001023D4E9000118400021584049400843F4
:1076C00015D1D4F89400B0F5807F07D1022104F1E0
:1076D000280007F075FE08B14FF00108BD480068AA
:1076E00020F44070D4F894100843BA4908604FF46D
:1076F0000023D4E9000118400021584049400843C4
:1077000027D1D4F8A00030B1B0F5803F0AD0B0F551
:10771000003F0FD10DE0002104F1080007F09EFDAD
:10772000054609E0022104F1280007F049FE05465C
:1077300002E001E0012500BF00BF4DB9A548006887
:1077400020F44030D4F8A0100843A249086000E0BB
:10775000A8464FF48023D4E9000118400021584086
:10776000494008432DD1D4F88400B0F5801F06D0DD
:10777000B0F5001F0CD0B0F5401F11D10FE09548B7
:107780002C38006840F4003092492C39086009E038
:10779000012104F1280007F013FE054602E001E094
:1077A000012500BF00BF5DB98A48001F006820F4B2
:1077B0004010D4F8841008438649091F086000E08F
:1077C000A8464FF48032D4E900011040002113464E
:1077D00058404940084325D1206D18B1B0F5803F8D
:1077E00010D108E07B482C38006840F4003079491B
:1077F0002C39086008E0022104F1080007F02EFD92
:10780000054601E0012500BF00BF55B971480C389D
:10781000006820F48030216D08436E490C390860FF
:1078200000E0A8464FF00053D4E9001019400020B2
:1078300059404040014307D1022104F1280007F0DC
:10784000BFFD08B14FF001084FF40032D4E9000148
:1078500010400021134658404940084327D1E06FAB
:10786000A0B1B0F5807F06D0B0F5007F0CD0B0F5A8
:10787000407F0CD109E057482C38006840F40030B4
:1078800054492C39086004E003E002E001E00125DE
:1078900000BF00BF55B94F48001F006820F440707A
:1078A000E16F08434B49091F086000E0A8464FF408
:1078B0008012D4E900101140002013465940404086
:1078C000014309D143480838006820F00040216F87
:1078D00008434049083908604FF40013D4E9000117
:1078E0001840002158404940084309D13948083818
:1078F000006820F08070A16E08433649083908609E
:107900004FF08043D4E90010194000205940404016
:10791000014311D100BF2F484838006820F40040CF
:107920002C494839086008460068D4F8B410084368
:1079300028494839086000BF4FF00042D4E90001EF
:1079400010400021134658404940084309D12148BE
:107950000C38006820F04050616D08431D490C3917
:1079600008604FF40002D4E90010114000201346D3
:107970005940404001430AD11648001F006820F4D6
:107980004000D4F8881008431249091F08600122FA
:1079900000216068104049405040014306D104F185
:1079A000080007F05BFC054605B1A846022200214D
:1079B0006068104049405040014307D1012104F163
:1079C000080007F04BFC054605B1A846042300203B
:1079D000616801E058440258194004224040514077
:1079E000084307D1022104F1080007F037FC0546DF
:1079F00005B1A846082300206168194008224040CC
:107A00005140084307D1002104F1280007F0D8FCB9
:107A1000054605B1A84610230020616819401022D0
:107A200040405140084307D1012104F1280007F0EC
:107A3000C7FC054605B1A846202200216068104019
:107A400049405040014307D1022104F1280007F0CA
:107A5000B7FC054605B1A846B8F1000F02D10020D9
:107A6000BDE8F0810120FBE72DE9F04104460D4619
:107A700014B90120BDE8F081BD48006800F00F0096
:107A8000A8420ED2BA48006820F00F002843B84937
:107A900008600846006800F00F00A84201D00120ED
:107AA000E8E7207800F0040004280ED1B1492069ED
:107AB000096801F07001884207D9AE48006820F0DB
:107AC000700021690843AB490860207800F0080085
:107AD000082811D1A749091D6069096801F07001E2
:107AE000884209D9A348001D006820F07000616930
:107AF0000843A049091D0860207800F010001028F4
:107B000011D19C49091DA069096801F4E06188420E
:107B100009D99848001D006820F4E060A169084375
:107B20009449091D0860207800F02000202811D118
:107B300090490831E069096801F07001884209D96B
:107B40008C480830006820F07000E16908438949DA
:107B500008310860207800F0020002280ED1854923
:107B6000E068096801F00F01884207D98148006880
:107B700020F00F00E16808437E490860207800F09B
:107B80000100002850D07B48006820F47060A16894
:107B90000843784908606068022807D1754818389A
:107BA0000068C0F34040F8B9012063E7606803282B
:107BB00007D1704818380068C0F34060A0B90120B0
:107BC00058E76068012807D16A4818380068C0F390
:107BD000002048B901204DE7664818380068C0F316
:107BE000800008B9012045E762480838006820F0A5
:107BF0000700616808435F4908390860FDF7F8FD30
:107C0000064608E0FDF7F4FD801B41F2883188420A
:107C100001D903202EE757480838006800F03800E3
:107C20006168B0EBC10FEDD1207800F002000228AE
:107C30000ED15049E068096801F00F01884207D26F
:107C40004C48006820F00F00E1680843494908608B
:107C50004748006800F00F00A8420ED94448006869
:107C600020F00F002843424908600846006800F0F1
:107C70000F00A84201D00120FCE6207800F00400AB
:107C800004280ED13B492069096801F0700188423F
:107C900007D23848006820F0700021690843354950
:107CA0000860207800F00800082811D13149091D2A
:107CB0006069096801F07001884209D22D48001DF1
:107CC000006820F07000616908432A49091D0860B6
:107CD000207800F01000102811D12649091DA06954
:107CE000096801F4E061884209D22248001D006859
:107CF00020F4E060A16908431E49091D086020784E
:107D000000F02000202811D11A490831E0690968E3
:107D100001F07001884209D216480830006820F04E
:107D20007000E169084313490831086000F0ACF8BD
:107D300010490968C1F303210F4A515C01F01F018A
:107D400020FA01F70B48006800F00F001146085CAC
:107D500000F01F0027FA00F0084908600848076093
:107D600008480068FDF786FD8046404682E6000030
:107D70000020005218440258AC8D01082000002455
:107D80001C000024140000243F220260174A1268DD
:107D900002F007024260154A0832126802F470626B
:107DA0008260124A0832126802F00F02C2600F4A63
:107DB0000832126802F0700202610C4A0C3212683A
:107DC00002F070024261094A0C32126802F4E06269
:107DD0008261064A1032126802F07002C261044ADF
:107DE000126802F00F020A60704700001044025847
:107DF0000020005210B500F047F80D490968C1F3A2
:107E000003210C4A515C01F01F0120FA01F40848DB
:107E1000006800F00F001146085C00F01F0024FA13
:107E200000F005490860054804600846006810BD78
:107E300018440258AC8D0108200000241C000024C6
:107E400000B5FFF7D7FF05490968C1F30211044ADD
:107E5000515C01F01F01C84000BD00001C440258E5
:107E6000AC8D010800B5FFF7C5FF05490968C1F3EE
:107E70000221044A515C01F01F01C84000BD00000E
:107E80001C440258AC8D0108F0B5824E366806F0ED
:107E9000380636B1082E15D0102E15D0182E7DD1EB
:107EA00014E07C4E103E3668C6F3401646B1794E5B
:107EB000103E3668C6F3C107774E26FA07F000E099
:107EC0007548E5E07548E3E07548E1E0714E183625
:107ED000366806F003046F4E18363668C6F305118F
:107EE0006C4E1C36366806F001056A4E243636683C
:107EF000C6F3CC0616FB05F601EE106AB8EE410A91
:107F0000002971D024B1012C50D0022C6DD16DE02C
:107F1000604E103E3668C6F340163EB35D4E103ECE
:107F20003668C6F3C1075C4E26FA07F301EE103A35
:107F3000F8EE411A01EE101AB8EE411A81EE812ACC
:107F40009FED581AC0EE011A524E20363668C6F31D
:107F5000080601EE106AB8EE411A31EE811AF7EE0A
:107F6000001A31EE211A62EE010A1EE001EE101A2B
:107F7000B8EE411ADFED4C1A81EE812A9FED491AC5
:107F8000C0EE011A434E20363668C6F3080601EEED
:107F9000106AB8EE411A31EE811A00E076E0F7EE91
:107FA000001A31EE211A62EE010A5BE001EE101AAE
:107FB000B8EE411A9FED3D2AC2EE011A9FED391A23
:107FC00080EE012A334E20363668C6F3080601EEED
:107FD000106AB8EE411A32EE011AB7EE002A31EEFD
:107FE000021A61EE810A3DE04EE01DE001EE101A3A
:107FF000B8EE411ADFED2E1A81EE812A9FED291A83
:10800000C0EE011A234E20363668C6F3080601EE8C
:10801000106AB8EE411A31EE811AF7EE001A31EE0D
:10802000211A62EE010A1DE001EE101AB8EE411AA3
:108030009FED1E2AC2EE011A9FED1A1A80EE012A48
:10804000144E20363668C6F3080601EE106AB8EE04
:10805000411A32EE011AB7EE002A31EE021A61EE31
:10806000810A00BF00BF0B4E20363668C6F3462695
:10807000721C01EE102AB8EE411AC0EE811ABCEE55
:10808000E11A11EE100A00E0002001E0034800BFF1
:1080900000BFF0BD104402580090D00300093D001D
:1080A00000366E01000000460024744C0024744A1F
:1080B000001BB74B2DE9F047044614B90120BDE879
:1080C000F087207800F00100002870D0F94800689F
:1080D00000F03808F7481830D0F80090B8F1100FC9
:1080E00006D0B8F1180F0FD109F0030002280BD108
:1080F000F04810380068C0F3404000286AD060683B
:10810000002867D10120DAE700BF6068B0F5803F42
:1081100008D1E8481038006840F48030E54910394B
:1081200008602EE0606868B9E2481038006820F402
:108130008030E049103908600846006820F480204B
:1081400008601EE06068B0F5A02F0DD1D948103846
:10815000006840F48020D74910390860084600685C
:1081600040F4803008600CE0D2481038006820F4F9
:108170008030D049103908600846006820F480201B
:10818000086000BF606898B1FDF732FB054606E065
:10819000FDF72EFB401B642801D903208FE7C5485B
:1081A00010380068C0F340400028F1D012E012E01F
:1081B000FDF71EFB054606E0FDF71AFB401B642891
:1081C00001D903207BE7BB4810380068C0F340406A
:1081D0000028F1D100BF207800F00200022879D1F8
:1081E000B448006800F03808B2481830D0F8009061
:1081F000B8F1000F05D0B8F1180F35D109F0030020
:1082000088BBAC4810380068C0F3800018B1E06843
:1082100008B9012053E7A7481038006820F019007A
:10822000E1680843A34910390860FDF7E1FA054603
:1082300006E0FDF7DDFA401B022801D903203EE7E6
:108240009C4810380068C0F380000028F1D099489D
:108250000C38006820F0FE40217C40EA016095491E
:108260000C39086045E0FFE7E06838B39148103802
:10827000006820F01900E16808438E491039086051
:10828000FDF7B6FA054606E0FDF7B2FA401B0228F4
:1082900001D9032013E7874810380068C0F3800035
:1082A0000028F1D083480C38006820F0FE40217C83
:1082B00040EA01607F490C3908601AE07D481038B7
:1082C000006820F001007B4910390860FDF790FA42
:1082D000054607E00EE0FDF78BFA401B022801D9A6
:1082E0000320ECE6734810380068C0F380000028D3
:1082F000F1D100BF207800F0100010286FD16D4838
:10830000006800F038086B481830D0F80090B8F1D9
:10831000080F06D0B8F1180F1CD109F0030001288E
:1083200018D1644810380068C0F3002020B1E0691B
:10833000802801D00120C2E600BF5E48001F00680F
:1083400020F07C5094F8201040EA01605949091F40
:10835000086043E0E06938B356481038006840F0E0
:108360008000544910390860FDF742FA054606E0DE
:10837000FDF73EFA401B022801D903209FE64D4835
:1083800010380068C0F300200028F1D000BF494831
:10839000001F006820F07C5094F8201040EA016033
:1083A0004449091F086019E042481038006820F06D
:1083B0008000404910390860FDF71AFA054606E0CA
:1083C000FDF716FA401B022801D9032077E6394849
:1083D00010380068C0F300200028F1D100BF2078D9
:1083E00000F00800082836D16069D0B13148643007
:1083F000006840F001002F4964310860FDF7F8F98A
:10840000054606E0FDF7F4F9401B022801D90320D8
:1084100055E6284864300068C0F340000028F1D0D9
:1084200019E024486430006820F0010021496431DB
:108430000860FDF7DDF9054606E0FDF7D9F9401BB8
:10844000022801D903203AE61A4864300068C0F3D4
:1084500040000028F1D1207800F02000202838D1F9
:10846000A069D0B113481038006840F48050114919
:1084700010390860FDF7BCF9054606E0FDF7B8F9CC
:10848000401B022801D9032019E60A481038006869
:10849000C0F340300028F1D01BE0064810380068D7
:1084A00020F48050034910390860FDF7A1F9054612
:1084B00009E0000010440258FDF79AF9401B022819
:1084C00001D90320FBE5D0480068C0F34030002804
:1084D000F2D1207800F0040004287DD1CB48006858
:1084E00040F48070C9490860FDF782F9054606E04E
:1084F000FDF77EF9401B642801D90320DFE5C3485E
:10850000006800F480700028F2D000BFA068012845
:1085100008D1BD487030006840F00100BA497031A0
:1085200008602DE0A06868B9B7487030006820F096
:108530000100B549703108600846006820F0040069
:1085400008601DE0A06805280DD1AF4870300068B4
:1085500040F00400AC49703108600846006840F003
:10856000010008600CE0A8487030006820F00100AD
:10857000A549703108600846006820F004000860D2
:1085800000BFA068A0B1FDF733F9054608E0FDF78C
:108590002FF9401B41F28831884201D903208EE532
:1085A000994870300068C0F340000028EFD013E015
:1085B000FDF71EF9054608E0FDF71AF9401B41F2E8
:1085C0008831884201D9032079E58F4870300068EE
:1085D000C0F340000028EFD1606A00287DD08A48AF
:1085E0001030006800F03800182877D0606A022840
:1085F00075D18548006820F0807083490860FDF7D8
:10860000F7F8054606E0FDF7F3F8401B022801D90C
:10861000032054E57C480068C0F340600028F2D194
:1086200000BFD4E90A1041EA0010774928310968EF
:1086300040F2F33291430843734928310860208E99
:10864000401EC0F30800616B491E4FF47E4202EAEF
:1086500041210843218F491ED20102EA014108430A
:108660003C21095D491E120202EA01610843664984
:108670003031086000BF081F006820F00100091FAA
:1086800008606148343000684FF6F8718843A16C87
:1086900040EAC1005C49343108605B482C30006816
:1086A00020F00C00216C084357492C310860084623
:1086B000006820F00200616C084353492C310860C7
:1086C0000846006840F4803008600846006840F4BE
:1086D000003008600846006802E092E038E01FE0E1
:1086E00040F4802008600846006840F001000860FF
:1086F0004548006840F0807043490860FDF778F80D
:10870000054606E0FDF774F8401B022801D9032056
:10871000D5E43D480068C0F340600028F2D070E026
:108720003948006820F0807037490860FDF760F82C
:10873000054606E0FDF75CF8401B022801D903203E
:10874000BDE431480068C0F340600028F2D158E031
:108750002D48283007682C4830300668606A0128A8
:1087600021D007F00301A06A81421CD1C7F3051193
:10877000E06A884217D1C6F30801206B401E81428F
:1087800011D1606B401EC6F3462188420BD1A06B0D
:10879000401EC6F30641884205D1E06B401EC6F379
:1087A0000661884201D0012089E41748343000680E
:1087B000C0F3CC07A06CB84223D013482C3000681B
:1087C00020F0010010492C310860FDF711F8054632
:1087D00000BFFDF70DF8401BFBD00B48343000689C
:1087E0004FF6F8718843A16C40EAC1000649343164
:1087F000086005482C30006840F0010002492C3127
:10880000086000205BE40000004402580048025861
:10881000704700002DE9F05F044620680769206872
:10882000D0F8148007EA08052068D0F808904FF0C7
:10883000000A94F88160206800F1300B08F40060B1
:10884000B0F5006F0ED107F0080008280AD12068A3
:10885000806940F4006021688861204600F077FA62
:10886000BDE8F09F05F0400070B905F0200058B950
:1088700005F00400042807D12046616F8847204690
:10888000216F88474FF0010A05F0400050B905F00C
:10889000010038B105F0040020B92046216F884757
:1088A0004FF0010A05F0200058B905F00200022837
:1088B00007D105F0040020B92046616F88474FF0CA
:1088C000010ABAF1000F00D0CAE705F00800082835
:1088D00063D12068806940F00800216888612068C1
:1088E000806940F01000216888612068806940F448
:1088F0000060216888612068006920F00800216814
:1089000008612068806800F4404038BB22E0E068DD
:108910000F2807D92068006B616E0860606E001D2B
:10892000606612E0E068072807D9BBF80000616EB6
:108930000880606E801C606607E0206890F8300058
:10894000616E0870606E401C6066B4F86A00401E7C
:10895000A4F86A00B4F86A000028D8D1204606F0CE
:1089600081FE012084F88100D4F8840018B12046EB
:10897000FFF74EFF74E7052E03D1204600F043FBBE
:108980000AE0042E03D1204600F0E0F904E0032EB3
:1089900002D1204600F036FB62E705F4587000284B
:1089A0007DD005F0400058B1D4F8840040F00400B8
:1089B000C4F884002068806940F040002168886124
:1089C00005F4007058B1D4F8840040F00100C4F8F8
:1089D00084002068806940F400702168886105F493
:1089E000807058B1D4F8840040F00800C4F88400C6
:1089F0002068806940F480702168886105F020005B
:108A000058B1D4F8840040F08000C4F88400206895
:108A1000806940F0200021688861D4F88400A8B300
:108A20002068006820F00100216808602068006963
:108A300040F26B3188432168086109F44040B0F589
:108A4000404F25D12068806820F44040216888602C
:108A5000E06F60B11348E16F0865E06FFAF7E4FB7F
:108A600028B1D4F8840040F04000C4F88400A06F1E
:108A700060B10C48A16F0865A06FFAF7D5FB28B16B
:108A8000D4F8840040F04000C4F8840006E006E01A
:108A9000012084F881002046FFF7BAFEE0E600BF1F
:108AA000DEE600003BF7000870B504460CB9012073
:108AB00070BD606A00B900BF0021A16263492068EF
:108AC00088420CD062492068884208D061492068F9
:108AD000884204D0E0680F2801D90120E8E7204649
:108AE00006F039FE054659492068884209D05849A0
:108AF0002068884205D057492068884201D0082D57
:108B00000DD852492068884207D0514920688842D0
:108B100003D050492068884203D1102D01D901208B
:108B2000C6E794F8810028B9002084F88000204628
:108B300000F092F8022084F881002068006820F09C
:108B40000100216808602068806800F4F816A069B8
:108B5000B0F1806F11D16068B0F5800F01D1A06BCA
:108B600028B1606848B9A06BB0F1805F05D120687A
:108B7000006840F4805021680860606800F480005C
:108B8000B0F5800F0BD1E068072808D32068006893
:108B900020F48070216D08432168086005E020689A
:108BA000006820F4807021680860A16AE0690843C9
:108BB0003043E16B0843E168084321688860616ADB
:108BC000606B0843A16B0843A1690843216908430E
:108BD00061690843216A084361680843E16C0843FE
:108BE000A1680843A16C0843A16D08432168C860CF
:108BF000606878B92068806820F4C05040F4006054
:108C0000216888602068806820F4C06040F480603B
:108C1000216888602068006D20F0010021680865E7
:108C2000606800F48000B0F5800F07D12068C0684C
:108C300020F00040616D08432168C8600020C4F83E
:108C40008400012084F88100002031E700300140D9
:108C500000380040003C004010B5B6B00446142176
:108C600030A8F7F7FFFBB82102A8F7F7FBFB324962
:108C7000206888425ED14FF480410020CDE9021087
:108C80004FF0A0402D9002A8FEF78AF808B1F9F73E
:108C9000F5FC00BF2948006840F020002749086023
:108CA0000846006800F02000019000BF00BF00BF30
:108CB00022481438006840F0010020491439086047
:108CC0000846006800F00100019000BF00BFA0202E
:108CD0003090022031900020329033900820349060
:108CE00030A91748FCF780FC1648174908600C208B
:108CF00048604021144881600021C1604FF48061C8
:108D00000161002141618161C1614FF40031016263
:108D1000FBF7D2F908B1F9F7B1FC00BF0A48A06728
:108D2000846300BF002205215620FCF76BFE56200D
:108D3000FCF754FE36B010BD00140058F44402583D
:108D40000000025808540258C006002470477047BB
:108D50002DE9F8430446884616461D46206800F172
:108D60002009FCF745FD074694F88100012802D050
:108D70000220BDE8F883B8F1000F00D00EB9012041
:108D8000F7E700BF94F88000012801D10220F0E746
:108D9000012084F8800000BF03205C3484F82500A3
:108DA0000020A062C4F80080A680E680A060A081B8
:108DB000E081A06160615C3CA068B0F5C02F06D185
:108DC0002068006840F400602168086007E02068BF
:108DD000C06820F4C02040F400302168C8602068DA
:108DE00040686FF30F0030432168486020680068D6
:108DF00040F00100216808606068B0F5800F05D17F
:108E00002068006840F4007021680860E0680F285E
:108E100033D92DE02068406900F0020002280CD10F
:108E2000E06D006821680862E06D001DE065B4F83F
:108E30006200401EA4F862001AE0FCF7D9FCC01BD7
:108E4000A84201D3681C00B995B9204606F00AFC77
:108E5000D4F8840040F48070C4F88400012084F8C1
:108E6000810000BF002084F8800000BF032080E75D
:108E7000B4F862000028CDD1A4E0E068072846D904
:108E800040E02068406900F0020002281FD1B4F8D9
:108E9000620001280ED9E06B60B1E06D00682168C6
:108EA0000862E06D001DE065B4F86200801EA4F861
:108EB000620027E0E06D0088A9F80000E06D801CEA
:108EC000E065B4F86200401EA4F862001AE0FCF706
:108ED0008FFCC01BA84201D3681C00B995B920467D
:108EE00006F0C0FBD4F8840040F48070C4F884001D
:108EF000012084F8810000BF002084F8800000BFBA
:108F0000032036E7B4F862000028BAD15AE055E0F1
:108F10002068406900F00200022834D1B4F86200F1
:108F200003280FD9E06B40280CD9E06D0068216858
:108F30000862E06D001DE065B4F86200001FA4F84F
:108F400062003BE0B4F8620001280ED9E06B60B12A
:108F5000E06D0088A9F80000E06D801CE065B4F8C1
:108F60006200801EA4F8620028E0E06D00782168AD
:108F700081F82000E06D401CE065B4F86200401EFE
:108F8000A4F862001AE0FCF733FCC01BA84201D32E
:108F9000681C00B995B9204606F064FBD4F884003B
:108FA00040F48070C4F88400012084F8810000BF80
:108FB000002084F8800000BF0320DAE6B4F86200E5
:108FC0000028A5D12B46002208212046009706F054
:108FD000CFFB28B1D4F8840040F02000C4F884000E
:108FE000204606F03FFB012084F8810000BF0020EE
:108FF00084F8800000BFD4F8840008B10120B8E6EE
:109000000020B6E670477047704770477047000011
:1090100030B502460B4600BF92F83C00012801D152
:10902000022030BD012082F83C0000BF022082F8FF
:109030003D001068416810688468254D1068A8429A
:1090400003D0244D1068A84203D121F47001586860
:10905000014321F0700118680143106841601C4D04
:109060001068A84223D01068B0F1804F1FD01A4D6D
:109070001068A8421BD0194D1068A84217D0184D8F
:109080001068A84213D0134D1068A8420FD0154D98
:109090001068A8420BD0144D1068A84207D0134D99
:1090A0001068A84203D0124D1068A84205D124F0E0
:1090B00080049868044310688460012082F83D00B1
:1090C00000BF002082F83C0000BF00BFA9E70000FD
:1090D000000001400004014000040040000800407E
:1090E000000C0040001800400040014000E000403B
:1090F00000E4004010B504460CB9012010BD94F8FE
:109100003D0028B9002084F83C00204600F02AF8F1
:10911000022084F83D00211D206806F0DDFC0120BE
:1091200084F8480000BF84F83E0001213F2001552B
:109130004020015541200155422001554320015551
:1091400000BF00BF012084F844004520015546209F
:1091500001554720015500BF012084F83D00002043
:10916000CCE7000038B504462068B0F1804F16D136
:1091700000BF1848006840F0010016490860084622
:10918000006800F00100009000BF00BF0022052130
:109190001C20FCF737FC1C20FCF720FC19E00E49D2
:1091A0002068884215D100BF0A48006840F040009E
:1091B000084908600846006800F04000009000BFC1
:1091C00000BF002205212B20FCF71CFC2B20FCF704
:1091D00005FC38BDE844025800180040014691F8EB
:1091E0003D00012801D001207047022081F83D0098
:1091F0000868C06840F001000B68D860204B086820
:10920000984223D00868B0F1804F1FD01D4B0868EA
:1092100098421BD01C4B0868984217D01B4B08681B
:10922000984213D01A4B086898420FD0194B08681F
:1092300098420BD0184B0868984207D0174B086823
:10924000984203D0164B0868984210D1086880688D
:10925000144B00EA0302062A0FD0B2F5803F0CD06F
:109260000868006840F001000B68186005E00868B5
:10927000006840F001000B6818600020B4E70000AF
:10928000000001400004004000080040000C0040C5
:1092900000040140001800400040014000E0004090
:1092A00000E40040070001002DE9F04104460D46AE
:1092B000002700BF94F83C00012802D10220BDE83D
:1092C000F081012084F83C0000BF022084F83D00BA
:1092D000206886684048064026F47F4620688660FD
:1092E0002868702826D00CDC00F00F01002966D118
:1092F0000011072863D2DFE800F0555657584B3766
:109300004100B0F1101F52D009DCB0F5805F10D0E1
:10931000B0F5005F1BD0B0F5801F50D146E0A0F53E
:1093200080102038002843D0102842D0202846D171
:1093300040E046E0D5E902136A68206806F051FC77
:109340002068866846F077062068866039E0D5E9AF
:1093500002136A68206806F044FC2068806840F4C4
:109360008040216888602CE0EA686968206806F01F
:1093700009FE5021206806F03FFC22E0EA68696897
:10938000206806F035FE6021206806F035FC18E004
:10939000EA686968206806F0F5FD4021206806F05B
:1093A0002BFC0EE000BF00BF00BF00BF00BF00BF2E
:1093B00000BF00BF2968206806F01EFC01E00127FD
:1093C00000BF00BF012084F83D0000BF002084F8EA
:1093D0003C0000BF384672E788FFCEFF704770B58B
:1093E00004462068C6682068056905F00200022866
:1093F00019D106F00200022815D1401F216808612A
:10940000012020772068806900F0030018B1204611
:10941000FFF7E4FF05E0204600F0DEF8204600F00C
:10942000CCF90020207705F00400042819D106F0BB
:109430000400042815D1C043216808610220207768
:109440002068806900F4407018B12046FFF7C6FF1D
:1094500005E0204600F0C0F8204600F0AEF90020FC
:10946000207705F00800082819D106F00800082820
:1094700015D1C04321680861042020772068C069A5
:1094800000F0030018B12046FFF7A8FF05E02046D2
:1094900000F0A2F8204600F090F90020207705F0B7
:1094A0001000102819D106F01000102815D1C04363
:1094B00021680861082020772068C06900F44070A6
:1094C00018B12046FFF78AFF05E0204600F084F837
:1094D000204600F072F90020207705F0010048B125
:1094E00006F0010030B16FF00100216808612046EC
:1094F00000F022FA05F08000802804D005F4005026
:10950000B0F5005F0AD106F08000802806D16FF424
:109510000250216808612046FFF777FD05F480704E
:10952000B0F5807F0AD106F08000802806D16FF464
:109530008070216808612046FFF766FD05F0400055
:10954000402809D106F04000402805D1C0432168D9
:109550000861204600F0FCF905F02000202809D120
:1095600006F02000202805D1C0432168086120466C
:10957000FFF74CFD70BD000010B586B00446142105
:1095800001A8F6F76FFF1149206888421BD100BF80
:109590000F48006840F002000D4908600846006866
:1095A00000F00200009000BF00BF4FF400400190A7
:1095B000022002900020039004900220059001A94F
:1095C0000448FCF711F806B010BD00000018004078
:1095D000E04402580004025870472DE9F041044667
:1095E0000D461646002700BF94F83C00012802D122
:1095F0000220BDE8F081012084F83C0000BF0C2E61
:1096000051D005DC4EB1042E1ED0082E7AD133E0A5
:10961000102E60D0142EF9D175E02946206806F08E
:10962000F7FA2068806940F00800216888612068A6
:10963000806920F0040021688861206880692969B8
:1096400008432168886178E02946206806F038FBE5
:109650002068806940F40060216888612068806922
:1096600020F480602168886120688069296940EA67
:1096700001202168886160E02946206806F07CFBB3
:109680002068C06940F008002168C8612068C0698E
:1096900020F004002168C8612068C0692969084376
:1096A0002168C86149E02946206806F0C1FB2068AE
:1096B000C06940F400602168C8612068C06920F476
:1096C00080602168C8612068C069296940EA01207A
:1096D0002168C86131E02946206806F0E3FB206874
:1096E000406D40F00800216848652068406D20F01A
:1096F0000400216848652068406D29690843216895
:1097000048651AE017E02946206806F003FC206847
:10971000406D40F40060216848652068406D20F489
:109720008060216848652068406D296940EA012011
:109730002168486501E0012700BF00BF00BF00208D
:1097400084F83C0000BF384653E710B504460CB916
:10975000012010BD94F83D0028B9002084F83C0099
:10976000204600F029F8022084F83D00211D2068E1
:1097700006F0B2F9012084F8480000BF84F83E00EA
:1097800001213F2001554020015541200155422033
:1097900001554320015500BF00BF012084F844005B
:1097A00045200155462001554720015500BF0120A5
:1097B00084F83D000020CCE77047704770B5044640
:1097C0000D4615B994F83E0015E0042D02D13F2056
:1097D000005D10E0082D02D14020005D0BE00C2D53
:1097E00002D14120005D06E0102D02D14220005D33
:1097F00001E04320005D012801D0012070BD1DB9AA
:10980000022084F83E001AE0042D03D102213F20FB
:10981000015514E0082D03D10221402001550EE02E
:109820000C2D03D102214120015508E0102D03D158
:1098300002214220015502E002214320015501226C
:109840002946206806F0BCF92F49206888420FD0CD
:109850002E49206888420BD02D492068884207D0C5
:109860002C492068884203D02B492068884201D1C6
:10987000012000E0002028B12068406C40F4004046
:109880002168486420492068884223D02068B0F1CC
:10989000804F1FD02149206888421BD02049206872
:1098A000884217D01F492068884213D01749206882
:1098B00088420FD01C49206888420BD01449206888
:1098C000884207D019492068884203D01849206887
:1098D000884210D120688068164900EA0106062EE9
:1098E0000FD0B6F5803F0CD02068006840F0010032
:1098F0002168086005E02068006840F001002168E8
:10990000086000207AE700000000014000040140E8
:109910000040014000440140004801400004004074
:1099200000080040000C00400018004000E000402B
:1099300000E400400700010010B504460349206818
:10994000884201D1FBF75AFF10BD00000000014022
:109950007047014600BF91F88400012801D1022020
:109960007047012081F8840000BF2420C1F88800DE
:10997000086802680868006820F001000B68186039
:1099800022F0005200204866086802602020C1F8DA
:10999000880000BF002081F8840000BF00BFDFE71F
:1099A00070B504460D46FE49206888427ED1D4F841
:1099B00080000068006800F40020002877D1D4F807
:1099C00080000068F749884267D0D4F880000068BA
:1099D000F4491831884260D0D4F880000068F14919
:1099E0003031884259D0D4F880000068ED494831C0
:1099F000884252D0D4F880000068EA496031884239
:109A00004BD0D4F880000068E6497831884244D0D1
:109A1000D4F880000068E349903188423DD0D4F802
:109A200080000068DF49A831884236D0D4F8800031
:109A30000068DD49884230D0D4F880000068DA49F7
:109A40001831884229D0D4F880000068D6493031D6
:109A5000884222D0D4F880000068D3494831884237
:109A60001BD0D4F880000068CF496031884214D000
:109A7000D4F880000068CC49783188420DD0D4F801
:109A800080000068C8499031884206D0D4F8800030
:109A90000068C549A83188420DD1D4F8800000681B
:109AA000006820F00100D4F8801001E043E29DE05E
:109AB0000968086009E0D4F880000068006820F0B8
:109AC0000100D4F880100968086054F8800F00681D
:109AD000006840F4002021680968086054F8800993
:109AE0000068B049884267D0D4F880000068AD496A
:109AF0001831884260D0D4F880000068A94930311C
:109B0000884259D0D4F880000068A649483188427C
:109B100052D0D4F880000068A249603188424BD00E
:109B2000D4F8800000689F497831884244D0D4F846
:109B3000800000689B49903188423DD0D4F8800075
:109B400000689849A831884236D0D4F8800000686F
:109B50009549884230D0D4F8800000689249183185
:109B6000884229D0D4F8800000688F49303188427B
:109B700022D0D4F8800000688B49483188421BD03D
:109B8000D4F88000006888496031884214D0D4F845
:109B9000800000688449783188420DD0D4F8800074
:109BA000006881499031884206D0D4F8800000686E
:109BB0007D49A831884205D13220D4F88010096847
:109BC000486004E03220D4F8801009684860774883
:109BD00090F832000F2808D1744890F84A00002805
:109BE000F9D17349714805F09DFC1CE1D4F880005F
:109BF00000686C49884267D0D4F8800000686949E1
:109C00001831884260D0D4F880000068654930314E
:109C1000884259D0D4F880000068624948318842AF
:109C200052D0D4F8800000685E49603188424BD041
:109C3000D4F8800000685B497831884244D0D4F879
:109C4000800000685749903188423DD0D4F88000A8
:109C500000685449A831884236D0D4F880000068A2
:109C60005149884230D0D4F8800000684E491831FC
:109C7000884229D0D4F8800000684B4930318842AE
:109C800022D0D4F8800000684749483188421BD070
:109C9000D4F88000006844496031884214D0D4F878
:109CA000800000684049783188420DD0D4F88000A7
:109CB00000683D499031884206D0D4F880000068A1
:109CC0003949A83188420AD1D4F880000068006878
:109CD00020F00100D4F880100968086009E0D4F889
:109CE00080000068006820F00100D4F88010096846
:109CF000086054F8800F0068006820F40020216894
:109D00000968086054F8800900682649884271D0C3
:109D1000D4F8800000682349183188426AD0D4F80A
:109D2000800000681F493031884263D0D4F8800039
:109D300000681C49483188425CD0D4F88000006833
:109D400018496031884255D0D4F880000068154920
:109D5000783188424ED0D4F88000006811499031A3
:109D6000884247D0D4F8800000680E49A831884264
:109D700040D0D4F8800000680B4988423AD0D4F82B
:109D80008000006808491831884233D0D4F8800038
:109D900000680549303188422CD0D4F8800009E0B1
:109DA0000050004010000240100402402C620024C9
:109DB000240200240068664988421BD0D4F8800041
:109DC000006863491831884214D0D4F880000068D4
:109DD0005F49303188420DD0D4F8800000685C497A
:109DE0004831884206D0D4F8800000685849603174
:109DF000884205D13220D4F880100968486004E018
:109E00003220D4F8801009684860524890F8320037
:109E10000F2808D14F4890F84A0020B94E494D48C4
:109E2000323005F07FFB0120E066002020672068CB
:109E3000006840F01000216808602068806840F0E9
:109E4000400021688860D4F8800000684349884257
:109E500067D0D4F88000006840491831884260D04B
:109E6000D4F8800000683D493031884259D0D4F898
:109E70008000006839494831884252D0D4F88000C7
:109E800000683649603188424BD0D4F880000068C1
:109E900032497831884244D0D4F8800000682F4994
:109EA000903188423DD0D4F8800000682B49A83119
:109EB000884236D0D4F88000006825494839884265
:109EC0002FD0D4F88000006821493039884228D04A
:109ED000D4F8800000681E491839884221D0D4F88F
:109EE000800000681A4988421BD0D4F880000068BE
:109EF00017491831884214D0D4F8800000681449FA
:109F0000303188420DD0D4F88000006810494831C3
:109F1000884206D0D4F8800000680D49603188423C
:109F20000AD1D4F880000068006840F00100D4F83D
:109F300080100968086009E0D4F8800000680068B3
:109F400040F00100D4F880100968086070BD00007E
:109F5000580402402C620024240200241000024015
:109F6000704770B504460D4600BF94F88400012880
:109F700001D1022070BD012084F8840000BF24209C
:109F8000C4F88800206806682068006820F0010096
:109F9000216808602068806820F06060284321689C
:109FA0008860204606F06AF8206806602020C4F821
:109FB000880000BF002084F8840000BF00BFD9E7FC
:109FC00070B504460D4600BF94F88400012801D105
:109FD000022070BD012084F8840000BF2420C4F852
:109FE0008800206806682068006820F00100216869
:109FF00008602068806820F06040284321688860FD
:10A00000204606F03BF8206806602020C4F888004F
:10A0100000BF002084F8840000BF00BFD9E770476C
:10A02000704770472DE9F04704462068C5692068ED
:10A0300006682068876840F60F0005EA0009B9F154
:10A04000000F0FD105F0200060B106F0200010B91C
:10A0500007F0805030B1606F10B12046616F8847C3
:10A06000BDE8F087B9F1000F7ED0F848384018B944
:10A07000F74830400028F7D005F0010058B106F449
:10A08000807040B1012021680862D4F8900040F04F
:10A090000100C4F8900005F0020058B107F001007B
:10A0A00040B1022021680862D4F8900040F004001A
:10A0B000C4F8900005F0040058B107F0010040B169
:10A0C000042021680862D4F8900040F00200C4F82F
:10A0D000900005F0080070B106F0200010B9DB48D0
:10A0E000384040B1082021680862D4F8900040F060
:10A0F0000800C4F8900005F4006060B106F08060CC
:10A1000048B14FF4006021680862D4F8900040F034
:10A110002000C4F89000D4F89000002852D005F038
:10A12000200050B106F0200010B907F0805020B197
:10A13000606F10B12046616F8847D4F890A0206806
:10A14000806800F04000402802D00AF0280070B378
:10A15000204606F0B7F82068806800F040004028EC
:10A1600026D100BF00BF00E02DE02168083151E892
:10A17000001F21F040002168083141E80002002A58
:10A18000F1D100BFD4F8800068B1B248D4F8801093
:10A190000865D4F88000F9F747F898B1D4F8800042
:10A1A000016D88470EE02046FFF73BFF0AE003E021
:10A1B0002046FFF736FF05E02046FFF732FF00207C
:10A1C000C4F890004CE7E06E01287DD105F0100046
:10A1D000002879D006F010000028FAD0102021685D
:10A1E00008622068806800F0400040286DD1D4F8F3
:10A1F00080000068984988426BD0D4F880000068DD
:10A2000095491831884264D0D4F88000006892499A
:10A21000303188425DD0D4F8800000688E494831E2
:10A22000884256D0D4F8800000688B49603188425B
:10A230004FD0D4F88000006887497831884248D0F0
:10A24000D4F88000006884499031884241D0D4F825
:10A25000800000688049A83188423AD0D4F8800054
:10A2600000687E49884234D0D4F8800000687B4979
:10A27000183188422DD0D4F88000006877493031F9
:10A28000884226D0D4F8800000687449483188425A
:10A290001FD0D4F88000006870496031884218D01F
:10A2A000D4F8800000686D497831884211D0D4F824
:10A2B000800000686949903188420AD0D4F8800053
:10A2C00000686649A83102E0CAE07BE001E088420C
:10A2D00004D1D4F880000068406803E0D4F880001E
:10A2E000006840681FFA80F8B8F1000F58D0B4F841
:10A2F0005C00404554DDA4F85E80D4F88000C0695D
:10A30000B0F5807F40D000BF00BF216851E8001F3A
:10A3100021F48070226842E800010029F5D100BFD5
:10A3200000BF00BF2168083151E8001F21F0010083
:10A330002168083141E80002002AF3D100BF00BFC4
:10A3400000BF2168083151E8001F21F0400021685A
:10A35000083141E80002002AF3D100BF2020C4F8F0
:10A360008C000020E06600BF00BF216851E8001F9C
:10A3700021F01000226842E800010029F5D100BF59
:10A38000D4F88000F8F7E2FC02202067B4F85C0003
:10A39000B4F85E20801A81B22046FFF701FB10E07E
:10A3A000B4F85C0040450CD1D4F88000C069B0F529
:10A3B000807F06D102202067B4F85C102046FFF7AA
:10A3C000EFFA4DE634F85C0F6188401A1FFA80F806
:10A3D00060885C3CC8B3B8F1000F36D000BF00BF46
:10A3E000216851E8001F21F49070226842E80001C2
:10A3F0000029F5D100BF00BF00BF2168083151E836
:10A40000001F124AD24301EA02002168083141E8E4
:10A410000002002AF1D100BF2020C4F88C000020E7
:10A42000E066606700BF00BF216851E8001F21F0AF
:10A430001000226842E800010029F5D100BF022087
:10A44000206741462046FFF7ABFA09E601000010FD
:10A4500020010004B702010810000240100402406D
:10A4600005F4801050B107F4800038B14FF480102B
:10A47000216808622046FFF7D3FDF1E505F0800072
:10A4800058B106F0800010B907F4000028B1A06FA1
:10A4900010B12046A16F8847E2E505F0400030B1D9
:10A4A00006F0400018B1204605F042FFD8E505F45B
:10A4B000000030B106F0804018B12046FFF7AFFD34
:10A4C000CEE505F0807030B106F0004018B12046AE
:10A4D000FFF746FDC4E500BFC2E510B504460CB960
:10A4E000012010BDA06900B100E000BFD4F88800D1
:10A4F00028B9002084F88400204600F02BF824209E
:10A50000C4F888002068006820F001002168086015
:10A51000A06A10B1204605F0DDFD204605F020FFC1
:10A52000012800D1DDE72068406820F490402168D0
:10A5300048602068806820F02A00216888602068D0
:10A54000006840F0010021680860204605F03EFEEA
:10A55000C7E7000010B5B6B00446142130A8F5F7DF
:10A5600081FFB82102A8F5F77DFFA2492068884243
:10A570007CD102210020CDE902101F9002A8FCF737
:10A580000FFC08B1F8F77AF800BF9B48006840F468
:10A590008010994908600846006800F48010019016
:10A5A00000BF00BF00BF94480838006840F00200B8
:10A5B0009149083908600846006800F002000190DF
:10A5C00000BF00BF00BF0846006840F008000860F8
:10A5D0000846006800F00800019000BF00BF4FF47B
:10A5E00000503090022031900020329033900E20A5
:10A5F000349030A98148FAF7F7FF04203090022008
:10A6000031900020329033900820349030A97C485B
:10A61000FAF7EAFF7B487C49086041204860002146
:10A6200079488160C1604FF480610161002141611E
:10A6300081614FF48071C1614FF4403101620021AA
:10A640004162F9F739FD08B1F8F718F800BF6E4814
:10A65000C4F88000846300BF002205213520FBF789
:10A66000D1F93520FBF7BAF9C1E0FFE76749206867
:10A6700088423ED102210020CDE902101F9002A89D
:10A68000FCF78EFB08B1F7F7F9FF00BF5A480068E6
:10A6900040F00040584908600846006800F000405B
:10A6A000019000BF00BF00BF53480838006840F069
:10A6B00010005149083908600846006800F0100091
:10A6C000019000BF00BF0320309002203190002095
:10A6D000329033900820349030A94D48FAF784FF27
:10A6E000002205215320FBF78DF95320FBF776F963
:10A6F0007DE048492068884279D101210020CDE9D8
:10A700000210209002A8FCF74BFB08B1F7F7B6FF48
:10A7100000BF39480830006840F010003649083161
:10A7200008600846006800F01000019000BF00BFFC
:10A7300000BF31480838006840F002002E4908394F
:10A7400008600846006800F00200019000BF00BFEA
:10A7500000BF0846006840F0010008600846006835
:10A7600000F00100019000BF00BF4FF48040309026
:10A77000022031900020329033900420349030A990
:10A780001E48FAF731FF4FF480603090022031907C
:10A790000020329033900720349030A91E48FAF7F9
:10A7A00023FF184830381D490860292048600021DF
:10A7B0001A488160C1604FF48061016100214161EC
:10A7C0008161C16101624162F9F776FC08B1F7F776
:10A7D00055FF00BF1148C4F88000846300BF002209
:10A7E00005212520FBF70EF92520FBF7F7F836B0F9
:10A7F00010BD000000500040E84402580004025818
:10A80000000C0258400002408C090024007C0040EB
:10A81000001002580010014000000258040A0024F1
:10A82000704700BFFEE770B54FF0000500BFEFF3C3
:10A83000058008B101250DE00DF0A2FF0446012CB2
:10A8400008D000BFEFF3108018B900BFEFF31180FC
:10A8500000B10125284670BD30B50B46002100BF70
:10A8600016E00A24B4EB107F05D9302404EB1074F1
:10A8700003F8114005E0412404EB10740A3C03F88E
:10A880001140000100254C00641C1D554C1CE1B218
:10A890009142E6DB30BD000000B50A48008830B1C7
:10A8A00000224FF4FA710848006804F0DDF805480A
:10A8B0000088002843F0778304480088D22883F07A
:10A8C000718305E03603002440030024380300248C
:10A8D000810000BF794449688F44000048030000AC
:10A8E0008A030000C80300000804000048040000B8
:10A8F00088040000CA0400000A0500004A050000A0
:10A900008A050000CA0500000A060000480600008B
:10A9100088060000C8060000080700005C07000069
:10A920009C070000DC0700001C0800005C08000019
:10A930009C080000DE0800001E0900005E090000FF
:10A94000A0090000DE0900001C0A00005C0A0000EB
:10A950009A0A0000DA0A00001A0B00006C0B0000D3
:10A96000AE0B0000EE0B0000300C0000700C00007D
:10A97000B00C0000F20C0000320D0000720D00005F
:10A98000B20D0000F20D0000320E0000720E000049
:10A99000B00E0000F00E0000300F0000820F00002B
:10A9A000C20F0000021000004210000082100000E0
:10A9B000C2100000021100004211000082110000CC
:10A9C000C0110000001200004012000080120000C0
:10A9D000C01200000013000050130000901300008C
:10A9E000D013000010140000501400008E1400005A
:10A9F000CC1400000C1500004A1500008A15000058
:10AA0000CA1500000A1600004A1600008A16000047
:10AA1000CA1600000A1700005C1700009C1700000F
:10AA2000DC1700001C1800005C1800009C180000D7
:10AA3000DC1800001C1900005C1900009A190000C5
:10AA4000DA1900001A1A00005A1A00009A1A0000B7
:10AA5000DA1A00001A1B00006C1B0000AC1B00007F
:10AA6000EC1B00002A1C00006C1C0000A61C00004F
:10AA7000E21C00001E1D00005A1D0000961D000073
:10AA8000D21D00000E1E00004A1E0000861E00009F
:10AA9000C21E0000FE1E00003A1F0000861F0000BC
:10AAA000C01F0000FC1F00003820000074200000C0
:10AAB000B0200000EC2000002821000064210000EC
:10AAC000A0210000DC21000018220000502200001C
:10AAD00088220000C4220000002300003A23000066
:10AAE00086230000C2230000FE2300003A24000059
:10AAF00076240000B2240000EE2400002A25000085
:10AB000066250000A2250000DE2500001A260000B0
:10AB10005626000092260000CE26000016270000D0
:10AB200064270000A0270000DC2700001828000090
:10AB30005428000090280000CC28000008290000BC
:10AB40004229000080290000BA290000F6290000EF
:10AB5000322A00006E2A0000AA2A0000E82A00001B
:10AB6000242B0000702B0000AC2B0000E82B000011
:10AB7000222C00005C2C0000982C0000D42C00003B
:10AB8000102D00004A2D0000862D0000C22D00006F
:10AB9000FE2D00003A2E0000762E0000B22E00009E
:10ABA000EE2E00002A2F0000782F0000B42F0000A6
:10ABB000F22F00002E30000068300000A4300000AA
:10ABC000E03000001C3100005831000094310000DA
:10ABD000D03100000C320000483200008632000004
:10ABE000C0320000FC320000383300008433000023
:10ABF000C0330000FC33000038340000743400001F
:10AC0000B0340000EC34000028350000643500004A
:10AC1000A0350000DC350000183600005436000076
:10AC200090360000FE48008840B100224FF4FA71CF
:10AC3000FC48006803F018FF03F0B4B940F2FB428F
:10AC40000021F848006803F00FFFF7480068B0F5EE
:10AC5000FA7F07DB0020F4490860F4480088401CB4
:10AC6000F2490880E8E7EE48008838B100224FF446
:10AC7000FA71EC48006803F0F7FEDDE700221146A8
:10AC8000E848006803F0F0FEE7480068B0F5FA7F96
:10AC900007DB0020E4490860E4480088401CE349E1
:10ACA0000880C9E7DE48008838B100224FF4FA7105
:10ACB000DC48006803F0D8FEBEE740F2FB4200210A
:10ACC000D848006803F0D0FED7480068B0F5FA7F96
:10ACD00007DB0020D4490860D4480088401CD349D1
:10ACE0000880A9E7CE48008838B100224FF4FA71F5
:10ACF000CC48006803F0B8FE9EE740F26F420021A6
:10AD0000C848006803F0B0FEC7480068B0F5FA7F95
:10AD100007DB0020C4490860C4480088401CC349C0
:10AD2000088089E7BE48008838B100224FF4FA71E4
:10AD3000BC48006803F098FE7EE740F2BA3200217A
:10AD4000B848006803F090FEB7480068B0F5FA7F95
:10AD500007DB0020B4490860B4480088401CB349B0
:10AD6000088069E7AE48008838B100224FF4FA71D4
:10AD7000AC48006803F078FE5EE740F252320021F2
:10AD8000A848006803F070FEA748006840F2DC5154
:10AD9000884207DB0020A4490860A4480088401CC2
:10ADA000A249088048E79E48008838B100224FF445
:10ADB000FA719C48006803F057FE3DE740F2BA3252
:10ADC00000219848006803F04FFE97480068B0F5EE
:10ADD000FA7F07DB00209449086094480088401CF3
:10ADE0009249088028E78E48008838B100224FF445
:10ADF000FA718C48006803F037FE1DE740F25232CA
:10AE000000218848006803F02FFE87480068B0F5ED
:10AE10007A7F07DB00208449086084480088401C52
:10AE20008249088008E77E48008838B100224FF444
:10AE3000FA717C48006803F017FEFDE640F2F52247
:10AE400000217848006803F00FFE77480068B0F5ED
:10AE5000FA7F07DB00207449086074480088401CB2
:10AE600072490880E8E66E48008838B100224FF445
:10AE7000FA716C48006803F0F7FDDDE640F25232EB
:10AE800000216848006803F0EFFD67480068B0F5EE
:10AE9000FA7F07DB00206449086064480088401C92
:10AEA00062490880C8E65E48008838B100224FF445
:10AEB000FA715C48006803F0D7FDBDE640F2BA3293
:10AEC00000215848006803F0CFFD57480068B0F5EE
:10AED000FA6F07DB00205449086054480088401C82
:10AEE00052490880A8E64E48008838B100224FF445
:10AEF000FA714C48006803F0B7FD9DE60022114648
:10AF00004848006803F0B0FD47480068B0F5FA7F94
:10AF100007DB00204449086044480088401C43493E
:10AF2000088089E63E48008838B100224FF4FA7163
:10AF30003C48006803F098FD7EE640F2BA320021FA
:10AF40003848006803F090FD37480068B0F5FA7F94
:10AF500007DB00203449086034480088401C33492E
:10AF6000088069E62E48008838B100224FF4FA7153
:10AF70002C48006803F078FD5EE640F25232002172
:10AF80002848006803F070FD27480068B0F5FA7F94
:10AF900007DB00202449086024480088401C23491E
:10AFA000088049E61E48008838B100224FF4FA7143
:10AFB0001C48006803F058FD3EE640F2F5220021EF
:10AFC0001848006803F050FD17480068B0F5FA7F94
:10AFD00007DB00201449086014480088401C13490E
:10AFE000088029E60E48008838B100224FF4FA7133
:10AFF0000C48006803F038FD1EE640F27D22002177
:10B000000848006803F030FD0748006840F2DC5152
:10B01000884210DB0020044908600448008807E0EB
:10B020003603002440030024440300243803002492
:10B03000401CFE490880FFE5FD48008838B1002229
:10B040004FF4FA71FB48006803F00EFDF4E540F29E
:10B05000F5220021F748006803F006FDF648006875
:10B06000B0F5FA7F07DB0020F3490860EF4800885D
:10B07000401CEE490880DFE5ED48008838B1002229
:10B080004FF4FA71EB48006803F0EEFCD4E540F2AF
:10B0900052320021E748006803F0E6FCE648006809
:10B0A000B0F5FA7F07DB0020E3490860DF4800883D
:10B0B000401CDE490880BFE5DD48008838B1002229
:10B0C0004FF4FA71DB48006803F0CEFCB4E540F2BF
:10B0D000BA320021D748006803F0C6FCD6480068A1
:10B0E000B0F5FA7F07DB0020D3490860CF4800881D
:10B0F000401CCE4908809FE5CD48008838B1002229
:10B100004FF4FA71CB48006803F0AEFC94E540F2CE
:10B110006F420021C748006803F0A6FCC6480068DB
:10B12000B0F5FA7F07DB0020C3490860BF480088FC
:10B13000401CBE4908807FE5BD48008838B1002228
:10B140004FF4FA71BB48006803F08EFC74E540F2DE
:10B15000FB420021B748006803F086FCB64800684F
:10B16000B0F5FA7F07DB0020B3490860AF480088DC
:10B17000401CAE4908805FE5AD48008838B1002228
:10B180004FF4FA71AB48006803F06EFC54E540F2EE
:10B19000F5220021A748006803F066FCA648006875
:10B1A00040F6B831884207DB0020A34908609F4879
:10B1B0000088401C9D4908803EE59D48008838B1C4
:10B1C00000224FF4FA719B48006803F04DFC33E510
:10B1D00040F27D2200219748006803F045FC964824
:10B1E0000068B0F5FA7F07DB0020934908608F48BC
:10B1F0000088401C8D4908801EE58D48008838B1C4
:10B2000000224FF4FA718B48006803F02DFC13E51F
:10B2100040F2372200218748006803F025FC864869
:10B220000068B0F5FA7F07DB0020834908607F489B
:10B230000088401C7D490880FEE47D48008838B1C4
:10B2400000224FF4FA717B48006803F00DFCF3E430
:10B2500040F2F52200217748006803F005FC7648AB
:10B26000006840F2DC51884207DB00207249086028
:10B270006E480088401C6D490880DDE46C480088F9
:10B2800038B100224FF4FA716A48006803F0ECFB11
:10B29000D2E440F2523200216648006803F0E4FB39
:10B2A00065480068642807DB0020634908605F4840
:10B2B0000088401C5D490880BEE45D48008838B1C4
:10B2C00000224FF4FA715B48006803F0CDFBB3E451
:10B2D00040F2F52200215748006803F0C5FB5648AC
:10B2E0000068642807DB0020534908604F48008845
:10B2F000401C4E4908809FE44D48008838B1002228
:10B300004FF4FA714B48006803F0AEFB94E440F24E
:10B31000523200214748006803F0A6FB4648006807
:10B32000B0F5967F07DB0020434908603F4800885E
:10B33000401C3E4908807FE43D48008838B1002227
:10B340004FF4FA713B48006803F08EFB74E440F25E
:10B35000BA3200213748006803F086FB364800689F
:10B36000642807DB00203449086030480088401C0E
:10B370002E49088060E42E48008838B100224FF43E
:10B38000FA712C48006803F06FFB55E440F252322A
:10B3900000212848006803F067FB27480068B0F5E3
:10B3A000C87F07DB00202449086020480088401C33
:10B3B0001E49088040E41E48008838B100224FF43E
:10B3C000FA711C48006803F04FFB35E440F2BA32D2
:10B3D00000211848006803F047FB17480068B0F5E3
:10B3E000FA7F07DB00201449086010480088401CE1
:10B3F0000E49088020E40E48008838B100224FF43E
:10B40000FA710C48006803F02FFB15E440F2523249
:10B4100000210848006803F027FB07480068B0F5E2
:10B42000FA7F10DB00200449086007E0380300249D
:10B43000360300244003002444030024F948008814
:10B44000401CF84908800DE4F748008838B1002214
:10B450004FF4FA71F548006803F006FB0DE440F282
:10B46000F5220021F148006803F0FEFAF048006878
:10B4700040F2DC51884207DB0020ED490860E948D2
:10B480000088401CE74908800BE4E748008838B191
:10B4900000224FF4FA71E548006803F0E5FA0BE486
:10B4A00040F252320021E148006803F0DDFAE04842
:10B4B0000068B0F5FA7F07DB0020DD490860D94855
:10B4C0000088401CD74908800BE4D748008838B171
:10B4D00000224FF4FA71D548006803F0C5FA0BE476
:10B4E00040F2BA320021D148006803F0BDFAD048DA
:10B4F000006840F6C411884207DB0020CC49086090
:10B50000C8480088401CC74908800AE4C64800882B
:10B5100038B100224FF4FA71C448006803F0A4FA6D
:10B520000AE440F252320021C048006803F09CFA5D
:10B53000BF480068B0F5FA7F07DB0020BC4908600F
:10B54000B8480088401CB74908800AE4B64800881B
:10B5500038B100224FF4FA71B448006803F084FA5D
:10B560000AE440F2F5220021B048006803F07CFABA
:10B57000AF480068B0F5FA7F07DB0020AC490860EF
:10B58000A8480088401CA74908800BE4A64800880A
:10B5900038B100224FF4FA71A448006803F064FA4D
:10B5A0000BE440F252320021A048006803F05CFA3C
:10B5B0009F48006840F2DC51884207DB00209C492C
:10B5C000086098480088401C964908800AE496481C
:10B5D000008838B100224FF4FA719448006803F0F3
:10B5E00043FA0AE440F2BA3200219048006803F0BE
:10B5F0003BFA8F480068B0F5FA7F07DB00208C49E2
:10B60000086088480088401C864908800AE486480B
:10B61000008838B100224FF4FA718448006803F0C2
:10B6200023FA0AE440F26F4200218048006803F0E8
:10B630001BFA7F480068B0F5FA7F07DB00207C49E1
:10B64000086078480088401C764908800AE47648FB
:10B65000008838B100224FF4FA717448006803F092
:10B6600003FA0AE440F2FB4200217048006803F04C
:10B67000FBF96F480068B0F5FA7F07DB00206C49E2
:10B68000086068480088401C664908800AE46648EB
:10B69000008838B100224FF4FA716448006803F062
:10B6A000E3F90AE440F2523200216048006803F0F6
:10B6B000DBF95F480068B0F5FA7F07DB00205C49E2
:10B6C000086058480088401C564908800AE45648DB
:10B6D000008838B100224FF4FA715448006803F032
:10B6E000C3F90AE440F2F52200215048006803F053
:10B6F000BBF94F480068B0F5FA7F07DB00204C49E2
:10B70000086048480088401C4649088009E44648CB
:10B71000008838B100224FF4FA714448006803F001
:10B72000A3F909E440F2BA3200214048006803F06E
:10B730009BF93F480068B0F5FA6F07DB00203C49F1
:10B74000086038480088401C3649088009E43648BB
:10B75000008838B100224FF4FA713448006803F0D1
:10B7600083F909E4002211463048006803F07CF9AF
:10B770002F480068B0F5FA7F07DB00202C490860ED
:10B7800028480088401C274908800AE42648008889
:10B7900038B100224FF4FA712448006803F064F9CC
:10B7A0000AE440F2FB4200212048006803F05CF903
:10B7B0001F480068B0F5FA7F07DB00201C490860CD
:10B7C00018480088401C174908800AE41648008879
:10B7D00038B100224FF4FA711448006803F044F9BC
:10B7E0000AE440F2EC5200211048006803F03CF9F2
:10B7F0000F480068B0F5FA7F07DB00200C490860AD
:10B8000008480088401C0749088014E4064800885E
:10B8100080B100224FF4FA710448006803F024F963
:10B8200009E4000038030024360300244003002408
:10B830004403002440F2FB420021F848006803F072
:10B8400013F9F7480068B0F5FA7F07DB0020F449E8
:10B850000860F4480088401CF24908800BE4F24874
:10B86000008838B100224FF4FA71EC48006803F008
:10B87000FBF80BE440F26F420021E848006803F057
:10B88000F3F8E7480068B0F57A7F07DB0020E44969
:10B890000860E4480088401CE24908800BE4E24864
:10B8A000008838B100224FF4FA71DC48006803F0D8
:10B8B000DBF80BE440F2EC520021D848006803F0BA
:10B8C000D3F8D7480068B0F5FA7F07DB0020D449E9
:10B8D0000860D4480088401CD24908800BE4D24854
:10B8E000008838B100224FF4FA71CC48006803F0A8
:10B8F000BBF80BE440F2FB420021C848006803F0AB
:10B90000B3F8C7480068B0F5FA7F07DB0020C449E8
:10B910000860C4480088401CC24908800BE4C24843
:10B92000008838B100224FF4FA71BC48006803F077
:10B930009BF80BE440F26F420021B848006803F026
:10B9400093F8B7480068B0F5FA7F07DB0020B449E8
:10B950000860B4480088401CB24908800BE4B24833
:10B96000008838B100224FF4FA71AC48006803F047
:10B970007BF80BE440F2FB420021A848006803F08A
:10B9800073F8A7480068B0F5FA7F07DB0020A449E8
:10B990000860A4480088401CA24908800CE4A24822
:10B9A000008838B100224FF4FA719C48006803F017
:10B9B0005BF80CE440F2EC5200219848006803F078
:10B9C00053F897480068B0F5FA7F07DB00209449E8
:10B9D000086094480088401C924908800CE4924812
:10B9E000008838B100224FF4FA718C48006803F0E7
:10B9F0003BF80CE440F2A76200218848006803F09D
:10BA000033F887480068B0F5FA7F07DB00208449E7
:10BA1000086084480088401C824908800CE4824801
:10BA2000008838B100224FF4FA717C48006803F0B6
:10BA30001BF80CE440F2EC5200217848006803F057
:10BA400013F877480068B0F5FA6F07DB00207449F7
:10BA5000086074480088401C724908800DE47248F0
:10BA6000008838B100224FF4FA716C48006802F087
:10BA7000FBFF0DE4002211466848006802F0F4FF65
:10BA800067480068B0F5FA7F07DB0020644908606A
:10BA900064480088401C634908800DE462480088BF
:10BAA00038B100224FF4FA715C48006802F0DCFF04
:10BAB0000DE440F2EC5200215848006802F0D4FF37
:10BAC00057480068B0F5FA7F07DB0020544908604A
:10BAD00054480088401C534908800CE452480088B0
:10BAE00038B100224FF4FA714C48006802F0BCFFF4
:10BAF0000CE440F2A76200214848006802F0B4FF5D
:10BB000047480068B0F5FA7F07DB00204449086029
:10BB100044480088401C434908800CE4424800889F
:10BB200038B100224FF4FA713C48006802F09CFFE3
:10BB30000CE440F2EC5200213848006802F094FF17
:10BB400037480068B0F5FA7F07DB00203449086009
:10BB500034480088401C334908800BE43248008890
:10BB600038B100224FF4FA712C48006802F07CFFD3
:10BB70000BE440F2BA3200212848006802F074FF5A
:10BB800027480068B0F57A7F07DB00202449086069
:10BB900024480088401C234908800BE42248008880
:10BBA00038B100224FF4FA711C48006802F05CFFC3
:10BBB0000BE440F26F4200211848006802F054FF85
:10BBC00017480068B0F5FA7F07DB002014490860C9
:10BBD00014480088401C134908800BE41248008870
:10BBE00038B100224FF4FA710C48006802F03CFFB3
:10BBF0000BE440F2BA3200210848006802F034FF3A
:10BC000007480068B0F5FA7F07DB002004490860A8
:10BC100004480088401C0349088014E440030024C1
:10BC2000440300243803002436030024FE4800881F
:10BC300038B100224FF4FA71FC48006802F014FF9A
:10BC40000CE440F26F420021F848006802F00CFF5B
:10BC5000F7480068B0F5FA7F07DB0020F449086078
:10BC6000F4480088401CF34908800DE4EE48008841
:10BC700038B100224FF4FA71EC48006802F0F4FE8B
:10BC80000DE440F2FB420021E848006802F0ECFEBF
:10BC9000E7480068B0F5FA7F07DB0020E449086058
:10BCA000E4480088401CE34908800DE4DE48008831
:10BCB00038B100224FF4FA71DC48006802F0D4FE7B
:10BCC0000DE440F2EC520021D848006802F0CCFEAE
:10BCD000D7480068B0F5FA7F07DB0020D449086038
:10BCE000D4480088401CD34908800EE4CE48008820
:10BCF00038B100224FF4FA71CC48006802F0B4FE6B
:10BD00000EE440F277720021C848006802F0ACFEF1
:10BD1000C7480068B0F5FA7F07DB0020C449086017
:10BD2000C4480088401CC34908800EE4BE4800880F
:10BD300038B100224FF4FA71BC48006802F094FE5A
:10BD40000EE440F2A7620021B848006802F08CFEC1
:10BD5000B7480068FA2807DB0020B5490860B548F5
:10BD60000088401CB34908800FE4AF48008838B110
:10BD700000224FF4FA71AD48006802F075FE04E449
:10BD800040F2EC520021A948006802F06DFEA8487C
:10BD90000068FA2807DB0020A5490860A54800884C
:10BDA000401CA449088011E49F48008838B1002253
:10BDB0004FF4FA719D48006802F056FE06E440F226
:10BDC000A76200219948006802F04EFE984800687A
:10BDD000B0F5FA7F07DB0020954908609548008898
:10BDE000401C9449088011E48F48008838B1002233
:10BDF0004FF4FA718D48006802F036FE06E440F216
:10BE0000BA3200218948006802F02EFE8848006896
:10BE1000C82807DB00208649086086480088401C47
:10BE20008449088012E48048008838B100224FF429
:10BE3000FA717E48006802F017FE07E440F2A7623C
:10BE400000217A48006802F00FFE79480068B0F5DA
:10BE5000FA6F07DB00207649086076480088401CAE
:10BE60007449088012E47048008838B100224FF409
:10BE7000FA716E48006802F0F7FD07E440F2FB42F9
:10BE800000216A48006802F0EFFD69480068B0F5DB
:10BE9000FA7F07DB00206649086066480088401C7E
:10BEA0006449088012E46048008838B100224FF4E9
:10BEB000FA715E48006802F0D7FD07E440F2FB42E9
:10BEC00000215A48006802F0CFFD59480068B0F5DB
:10BED000FA7F07DB00205649086056480088401C5E
:10BEE0005449088012E45048008838B100224FF4C9
:10BEF000FA714E48006802F0B7FD07E440F26F4265
:10BF000000214A48006802F0AFFD49480068B0F5DA
:10BF10007A7F07DB00204649086046480088401CBD
:10BF20004449088012E44048008838B100224FF4A8
:10BF3000FA713E48006802F097FD07E440F26F4254
:10BF400000213A48006802F08FFD39480068B0F5DA
:10BF5000FA7F07DB00203649086036480088401C1D
:10BF60003449088011E43048008838B100224FF489
:10BF7000FA712E48006802F077FD06E440F2BA320A
:10BF800000212A48006802F06FFD29480068B0F5DA
:10BF9000FA7F07DB00202649086026480088401CFD
:10BFA0002449088011E42048008838B100224FF469
:10BFB000FA711E48006802F057FD06E440F2523262
:10BFC00000211A48006802F04FFD19480068B0F5DA
:10BFD000FA7F07DB00201649086016480088401CDD
:10BFE0001449088011E41048008838B100224FF449
:10BFF000FA710E48006802F037FD06E440F2BA32EA
:10C0000000210A48006802F02FFD09480068B0F5D9
:10C01000FA7F07DB00200649086006480088401CBC
:10C02000044908801AE40000360300244003002479
:10C030004403002438030024FE48008838B100225D
:10C040004FF4FA71FC48006802F00EFD06E440F27D
:10C050006F420021F848006802F006FDF7480068CA
:10C06000B0F5FA7F07DB0020F4490860F448008847
:10C07000401CF349088011E4EE48008838B10022E2
:10C080004FF4FA71EC48006802F0EEFC06E440F26E
:10C09000FB420021E848006802F0E6FCE74800683F
:10C0A000B0F5FA7F07DB0020E4490860E448008827
:10C0B000401CE349088011E4DE48008838B10022C2
:10C0C0004FF4FA71DC48006802F0CEFC06E440F25E
:10C0D0006F420021D848006802F0C6FCD7480068CB
:10C0E000B0F5FA7F07DB0020D4490860D448008807
:10C0F000401CD349088011E4CE48008838B10022A2
:10C100004FF4FA71CC48006802F0AEFC06E440F24D
:10C11000FB420021C848006802F0A6FCC74800683E
:10C12000B0F5FA7F07DB0020C4490860C4480088E6
:10C13000401CC349088011E4BE48008838B1002281
:10C140004FF4FA71BC48006802F08EFC06E440F23D
:10C15000EC520021B848006802F086FCB74800683D
:10C16000B0F5FA7F07DB0020B4490860B4480088C6
:10C17000401CB349088011E4AE48008838B1002261
:10C180004FF4FA71AC48006802F06EFC06E440F22D
:10C19000A7620021A848006802F066FCA748006872
:10C1A000B0F5FA7F07DB0020A4490860A4480088A6
:10C1B000401CA349088011E49E48008838B1002241
:10C1C0004FF4FA719C48006802F04EFC06E440F21D
:10C1D000FB4200219848006802F046FC974800683E
:10C1E000B0F5FA7F07DB0020944908609448008886
:10C1F000401C9349088011E48E48008838B1002221
:10C200004FF4FA718C48006802F02EFC06E440F20C
:10C21000EC5200218848006802F026FC874800683C
:10C22000B0F5FA7F07DB0020844908608448008865
:10C23000401C8349088011E47E48008838B1002200
:10C240004FF4FA717C48006802F00EFC06E440F2FC
:10C25000A76200217848006802F006FC7748006871
:10C26000C82807DB00207549086075480088401C15
:10C270007349088011E46F48008838B100224FF4F8
:10C28000FA716D48006802F0EFFB06E440F2EC52F0
:10C2900000216948006802F0E7FB68480068B0F5D3
:10C2A0007A7F07DB00206549086065480088401CEC
:10C2B0006349088011E45F48008838B100224FF4D8
:10C2C000FA715D48006802F0CFFB06E440F2A76215
:10C2D00000215948006802F0C7FB58480068B0F5D3
:10C2E000FA7F07DB00205549086055480088401C4C
:10C2F0005349088011E44F48008838B100224FF4B8
:10C30000FA714D48006802F0AFFB06E440F2777224
:10C3100000214948006802F0A7FB48480068B0F5D2
:10C32000FA7F07DB00204549086045480088401C2B
:10C330004349088011E43F48008838B100224FF497
:10C34000FA713D48006802F08FFB06E440F2A762F4
:10C3500000213948006802F087FB38480068B0F5D2
:10C36000FA7F07DB00203549086035480088401C0B
:10C370003349088011E42F48008838B100224FF477
:10C38000FA712D48006802F06FFB06E440F2EC52AF
:10C3900000212948006802F067FB28480068B0F5D2
:10C3A000FA7F07DB00202549086025480088401CEB
:10C3B0002349088011E41F48008838B100224FF457
:10C3C000FA711D48006802F04FFB06E440F2A762D4
:10C3D00000211948006802F047FB18480068B0F5D2
:10C3E000FA7F07DB00201549086015480088401CCB
:10C3F0001349088011E40F48008838B100224FF437
:10C40000FA710D48006802F02FFB06E440F27772E3
:10C4100000210948006802F027FB08480068B0F5D1
:10C42000FA7F10DB00200549086005480088401CA1
:10C43000034907E03603002440030024440300249A
:10C4400038030024088010E4F848008838B100223E
:10C450004FF4FA71F648006802F006FB05E440F27A
:10C46000EC520021F248006802F0FEFAF148006840
:10C47000B0F5FA7F07DB0020EE490860EE4800883F
:10C48000401CED49088010E4E848008838B10022DB
:10C490004FF4FA71E648006802F0E6FA05E440F26B
:10C4A00077720021E248006802F0DEFAE148006895
:10C4B000B0F57A7F07DB0020DE490860DE4800889F
:10C4C000401CDD49088010E4D848008838B10022BB
:10C4D0004FF4FA71D648006802F0C6FA05E440F25B
:10C4E000E7720021D248006802F0BEFAD148006825
:10C4F000C82807DB0020CF490860CF480088401CCF
:10C50000CD49088011E4C948008838B100224FF4B1
:10C51000FA71C748006802F0A7FA06E440F27772A1
:10C520000021C348006802F09FFAC248006840F248
:10C530001451884207DB0020BE490860BE480088CD
:10C54000401CBD4908800FE4B848008838B100227B
:10C550004FF4FA71B648006802F086FA04E400224B
:10C560001146B348006802F07FFAB2480068B0F59F
:10C57000FA7F05DB0020AF4908606420AE490880DF
:10C5800011E4AA48008838B100224FF4FA71A84893
:10C59000006802F069FA06E440F2FB420021A44878
:10C5A000006802F061FAA3480068B0F5FA7F05DB85
:10C5B0000020A049086065209F49088013E49B483B
:10C5C000008838B100224FF4FA719948006802F0EF
:10C5D0004BFA08E440F2EC5200219548006802F062
:10C5E00043FA94480068B0F5FA7F05DB00209149D2
:10C5F000086066209049088014E48C48008838B1AF
:10C6000000224FF4FA718A48006802F02DFA09E41A
:10C6100040F2FB4200218648006802F025FA854876
:10C620000068B0F5FA7F05DB0020824908606720CA
:10C630008149088016E47D48008838B100224FF413
:10C640007A717B48006802F00FFA0BE440F26F4207
:10C6500000217748006802F007FA76480068B0F5D4
:10C660007A7F05DB002073490860682072490880E2
:10C6700018E46E48008838B100224FF4FA716C4813
:10C68000006802F0F1F90DE440F2EC520021684834
:10C69000006802F0E9F967480068B0F5FA7F05DB49
:10C6A00000206449086069206349088005E45F4808
:10C6B000008838B100224FF4FA715D48006802F03A
:10C6C000D3F90FE440F2FB4200215948006802F020
:10C6D000CBF958480068B0F5FA7F05DB00205549D2
:10C6E00008606A205449088007E45048008838B13F
:10C6F00000224FF4FA714E48006802F0B5F911E4D7
:10C7000040F26F4200214A48006802F0ADF9494802
:10C710000068B0F5FA7F05DB0020464908606B2011
:10C720004549088009E44148008838B100224FF4A7
:10C73000FA713F48006802F097F913E440F2FB42B7
:10C7400000213B48006802F08FF93A480068B0F5D4
:10C75000FA7F05DB0020374908606C2036490880E5
:10C760000BE43248008838B100224FF4FA713048A7
:10C77000006802F079F915E440F2EC5200212C48EF
:10C78000006802F071F92B480068B0F5FA7F05DB0C
:10C790000020284908606D20274908800DE42348BF
:10C7A000008838B100224FF4FA712148006802F085
:10C7B0005BF917E440F2A76200211D48006802F00F
:10C7C00053F91C480068B0F5FA7F05DB00201949D1
:10C7D00008606E201849088004E41448008838B1C5
:10C7E00000224FF4FA711248006802F03DF904E4A7
:10C7F00040F2EC5200210E48006802F035F90D4875
:10C800000068B0F5FA7F05DB00200A4908606F2058
:10C810000949088006E40548008878B100224FF4F1
:10C82000FA710348006802F01FF90FE43603002490
:10C8300040030024440300243803002440F2EC5257
:10C840000021FA48006802F00FF9F9480068B0F5D5
:10C85000FA6F05DB0020F64908607020F549088072
:10C8600009E4F548008838B100224FF4FA71EF4826
:10C87000006802F0F9F809E400221146EB4800686C
:10C8800002F0F2F8EA480068B0F5FA7F05DB002014
:10C89000E74908607120E74908800CE4E648008811
:10C8A00038B100224FF4FA71E048006802F0DCF879
:10C8B0000CE440F2EC520021DC48006802F0D4F8AD
:10C8C000DB480068B0F5FA7F05DB0020D849086036
:10C8D0007220D84908800EE4D748008838B1002279
:10C8E0004FF4FA71D148006802F0BEF80EE440F24D
:10C8F000A7620021CD48006802F0B6F8CC48006875
:10C90000B0F5FA7F05DB0020C94908607320C949EA
:10C91000088010E4C848008838B100224FF4FA714A
:10C92000C248006802F0A0F805E440F2EC52002191
:10C93000BE48006802F098F8BD480068B0F5FA7F7C
:10C9400005DB0020BA4908607420BA49088012E467
:10C95000B948008838B100224FF47A71B3480068B2
:10C9600002F082F807E440F2BA320021AF480068D2
:10C9700002F07AF8AE480068B0F57A7F05DB002057
:10C98000AB4908607520AB49088014E4AA480088C8
:10C9900038B100224FF4FA71A448006802F064F83C
:10C9A00009E440F26F420021A048006802F05CF800
:10C9B0009F480068B0F5FA7F05DB00209C490860BD
:10C9C00076209C49088016E49B48008838B10022F4
:10C9D0004FF4FA719548006802F046F80BE440F213
:10C9E000BA3200219148006802F03EF89048006891
:10C9F000B0F5FA7F05DB00208D49086077208D496E
:10CA0000088018E48C48008838B100224FF4FA718D
:10CA10008648006802F028F80DE440F26F420021D9
:10CA20008248006802F020F881480068B0F5FA7F7B
:10CA300005DB00207E49086078207E49088005E4F7
:10CA40007D48008838B100224FF4FA7177480068B9
:10CA500002F00AF80EE440F2FB420021734800683D
:10CA600002F002F872480068B0F5FA7F05DB00209A
:10CA70006F49086079206F49088006E46E48008895
:10CA800038B100224FF4FA716848006801F0ECFFF9
:10CA900010E440F2EC5200216448006801F0E4FF29
:10CAA00063480068B0F5FA7F05DB00206049086044
:10CAB0007A206049088008E45F48008838B1002285
:10CAC0004FF4FA715948006801F0CEFF12E440F2C9
:10CAD000777200215548006801F0C6FF544800688D
:10CAE000B0F5FA7F05DB0020514908607B205149F1
:10CAF00008800AE45048008830B10022FA214B48EF
:10CB0000006801F0B1FF15E440F2A7620021474838
:10CB1000006801F0A9FF46480068FA2805DB0020FC
:10CB2000434908607C20434908800EE4424800885D
:10CB300030B10022FA213D48006801F095FF04E47D
:10CB400040F2EC5200213948006801F08DFF38486E
:10CB50000068FA2805DB0020354908607D2035494A
:10CB6000088007E43448008838B100224FF4FA7195
:10CB70002E48006801F078FF07E440F2A762002128
:10CB80002A48006801F070FF29480068B0F5FA7F74
:10CB900005DB0020264908607E202649088009E43C
:10CBA0002548008838B100224FF47A711F48006888
:10CBB00001F05AFF09E440F2A76200211B48006817
:10CBC00001F052FF1A480068B0F57A7F05DB0020BB
:10CBD000174908607F20174908800BE41648008831
:10CBE00038B100224FF4FA711048006801F03CFFA0
:10CBF0000BE4002211460D48006801F035FF0C4897
:10CC00000068B0F5FA7F05DB002009490860802044
:10CC10000849088017E40848008878B100224FF4DA
:10CC2000FA710248006801F01FFF0CE44003002481
:10CC300044030024380300243603002440F2FB425E
:10CC40000021FB48006801F00FFFFA480068B0F5CA
:10CC5000FA7F05DB0020F74908608120F64908804B
:10CC600011E4F648008838B100224FF4FA71F04818
:10CC7000006801F0F9FE06E440F2FB420021EC48B6
:10CC8000006801F0F1FEEB480068B0F5FA7F05DBC3
:10CC90000020E84908608220E749088013E4E7485B
:10CCA000008838B100224FF4FA71E148006801F0C1
:10CCB000DBFE08E440F2FB420021DD48006801F0A1
:10CCC000D3FEDC480068B0F5FA7F05DB0020D949C7
:10CCD00008608320D849088014E4D848008838B117
:10CCE00000224FF47A71D248006801F0BDFE09E4D9
:10CCF00040F26F420021CE48006801F0B5FECD48F9
:10CD00000068B0F57A7F05DB0020CA4908608420FE
:10CD1000C949088017E4C948008838B100224FF497
:10CD2000FA71C348006801F09FFE0CE440F26F42C4
:10CD30000021BF48006801F097FEBE480068B0F5CA
:10CD4000FA7F05DB0020BB4908608520BA490880CE
:10CD500004E4BA48008838B100224FF4FA71B448AC
:10CD6000006801F081FE0BE440F2BA320021B048C5
:10CD7000006801F079FEAF480068B0F5FA7F05DB86
:10CD80000020AC4908608620AB49088016E4AB4817
:10CD9000008838B100224FF4FA71A548006801F00C
:10CDA00063FE0BE440F252320021A148006801F01A
:10CDB0005BFEA0480068B0F5FA7F05DB00209D49C6
:10CDC000086087209C49088016E49C48008838B198
:10CDD00000224FF4FA719648006801F045FE0BE41A
:10CDE00040F2BA3200219248006801F03DFE9148BD
:10CDF0000068B0F5FA7F05DB00208E4908608820C6
:10CE00008D49088016E48D48008838B100224FF41F
:10CE1000FA718748006801F027FE0BE440F26F4288
:10CE200000218348006801F01FFE82480068B0F5C9
:10CE3000FA7F05DB00207F49086089207E49088051
:10CE400016E47E48008838B100224FF4FA71784821
:10CE5000006801F009FE0BE440F2FB420021744837
:10CE6000006801F001FE73480068B0F5FA7F05DB49
:10CE70000020704908608A206F49088016E46F48D6
:10CE8000008838B100224FF4FA716948006801F057
:10CE9000EBFD0BE440F2EC5200216548006801F024
:10CEA000E3FD64480068B0F5FA7F05DB00206149C6
:10CEB00008608B206049088016E46048008838B11B
:10CEC00000224FF4FA715A48006801F0CDFD0BE4DE
:10CED00040F2FB4200215648006801F0C5FD55486C
:10CEE0000068B0F5FA7F05DB0020524908608C200D
:10CEF0005149088016E45148008838B100224FF4A7
:10CF0000FA714B48006801F0AFFD0BE440F2F522E6
:10CF100000214748006801F0A7FD46480068B0F5C9
:10CF2000FA7F05DB0020434908608D2042490880D4
:10CF300016E44248008838B100224FF47A713C4828
:10CF4000006801F091FD0BE440F2523200213848B4
:10CF5000006801F089FD37480068B0F57A7F05DB8D
:10CF60000020344908608E203349088016E4334895
:10CF7000008838B100224FF4FA712D48006801F0A2
:10CF800073FD0BE440F2BA3200212948006801F039
:10CF90006BFD28480068B0F5FA7F05DB00202549C5
:10CFA00008608F202449088016E42448008838B19E
:10CFB00000224FF47A711E48006801F055FD0BE421
:10CFC000002211461A48006801F04EFD40F2BA32C4
:10CFD00000211748006801F047FD16480068B0F5C9
:10CFE0007A7F05DB002013490860902012490880F1
:10CFF00010E41248008838B100224FF4FA710C484E
:10D00000006801F031FD05E440F252320021084889
:10D01000006801F029FD07480068B0F5FA7F05DBDC
:10D0200000200449086091200349088018E40000AA
:10D030004003002444030024380300243603002462
:10D04000FE48008838B100224FF4FA71FC480068AD
:10D0500001F00AFD04E440F2BA320021F848006809
:10D0600001F002FDF7480068B0F5FA7F05DB00200B
:10D07000F44908609220F44908800EE4EF480088E3
:10D0800038B100224FF4FA71ED48006801F0ECFC71
:10D090000EE440F26F420021E948006801F0E4FC30
:10D0A000E8480068B0F5FA7F05DB0020E549086034
:10D0B0009320E54908800EE4E048008838B100225A
:10D0C0004FF4FA71DE48006801F0CEFC0EE440F245
:10D0D000FB420021DA48006801F0C6FCD94800682C
:10D0E000B0F5FA7F05DB0020D64908609420D649C8
:10D0F00008800EE4D148008838B100224FF4FA715C
:10D10000CF48006801F0B0FC0EE440F26F4200210D
:10D11000CB48006801F0A8FCCA480068B0F5FA7F67
:10D1200005DB0020C74908609520C74908800EE448
:10D13000C248008838B100224FF4FA71C048006834
:10D1400001F092FC0EE440F2BA320021BC480068C3
:10D1500001F08AFCBB480068B0F5FA7F05DB0020CF
:10D16000B84908609620B84908800EE4B3480088A2
:10D1700038B100224FF4FA71B148006801F074FC34
:10D180000EE440F2BA320021AD48006801F06CFCB8
:10D19000AC480068B0F5FA7F05DB0020A9490860BB
:10D1A0009720A94908800EE4A448008838B10022DD
:10D1B0004FF4FA71A248006801F056FC0EE440F208
:10D1C000523200219E48006801F04EFC9D480068E4
:10D1D000B0F52F7F05DB00209A49086098209A4916
:10D1E00008800EE49548008838B100224FF4FA71A7
:10D1F0009348006801F038FC0EE440F2BA32002196
:10D200008F48006801F030FC8E480068C82805DBB4
:10D2100000208C49086099208B4908800FE48748DA
:10D22000008838B1002240F2DC518548006801F0E6
:10D230001BFC04E440F2523200218148006801F0F6
:10D2400013FC8048006840F2DC51884205DB002076
:10D250007C4908609A207C4908800EE47748008861
:10D2600038B100224FF4FA717548006801F0FCFBF8
:10D270000EE4002211467248006801F0F5FB714887
:10D280000068B0F5FA7F05DB00206E4908609B203E
:10D290006D4908800FE46948008838B100224FF4D6
:10D2A000FA716748006801F0DFFB04E440F2FB42DA
:10D2B00000216348006801F0D7FB62480068B0F5C0
:10D2C000FA7F05DB00205F4908609C205E490880EA
:10D2D0000FE45A48008838B100224FF4FA715848D8
:10D2E000006801F0C1FB04E440F26F4200215448A1
:10D2F000006801F0B9FB53480068B0F5FA7F05DB20
:10D300000020504908609D204F4908800DE44B489B
:10D31000008838B100224FF4FA714948006801F0E2
:10D32000A3FB0CE440F2BA3200214548006801F04A
:10D330009BFB44480068B0F5FA7F05DB00204149BB
:10D3400008609E20404908800BE43C48008838B1C2
:10D3500000224FF4FA713A48006801F085FB0BE4B3
:10D3600040F2523200213648006801F07DFB35481A
:10D370000068B0F5FA7F05DB0020324908609F2085
:10D38000314908800BE42D48008838B100224FF461
:10D39000FA712B48006801F067FB0BE440F252324F
:10D3A00000212748006801F05FFB2648006840F232
:10D3B000DC51884205DB002022490860A020224978
:10D3C00008800AE41D48008838B100224FF4FA7141
:10D3D0001B48006801F048FB0AE440F2BA32002121
:10D3E0001748006801F040FB16480068B0F5FA7F66
:10D3F00005DB002013490860A1201349088009E4D7
:10D400000E48008838B100224FF4FA710C480068C9
:10D4100001F02AFB09E440F252320021084800687A
:10D4200001F022FB07480068B0F5FA7F05DB002019
:10D4300004490860A2200449088011E4360300244E
:10D44000400300244403002438030024FD480088DE
:10D4500038B100224FF4FA71FB48006801F004FB78
:10D4600002E240F2BA320021F748006801F0FCFA0B
:10D47000F6480068B0F5FA7F05DB0020F349086044
:10D48000A320F3490880EFE1EE48008838B100227C
:10D490004FF4FA71EC48006801F0E6FAE4E140F27A
:10D4A000F5220021E848006801F0DEFAE74800684C
:10D4B000B0F5FA7F05DB0020E4490860A420E449C8
:10D4C0000880D1E1DF48008838B100224FF4FA71BA
:10D4D000DD48006801F0C8FAC6E140F2F5220021FB
:10D4E000D948006801F0C0FAD8480068FA2805DB7E
:10D4F0000020D6490860A520D5490880B4E1D1486C
:10D50000008838B100224FF4FA71CF48006801F06A
:10D51000ABFAA9E140F252320021CB48006801F099
:10D52000A3FACA480068FA2805DB0020C74908604A
:10D53000A620C749088097E1C248008838B1002278
:10D540004FF4FA71C048006801F08EFA8CE140F2A5
:10D5500052320021BC48006801F086FABB480068DE
:10D56000B0F5FA7F05DB0020B8490860A720B8496C
:10D57000088079E1B348008838B100224FF4FA718D
:10D58000B148006801F070FA6EE140F2BA32002151
:10D59000AD48006801F068FAAC480068B0F5FA7F61
:10D5A00005DB0020A9490860A820A94908805BE1A3
:10D5B000A448008838B100224FF4FA71A2480068EC
:10D5C00001F052FA50E140F2BA3200219E48006860
:10D5D00001F04AFA9D480068B0F57A7F05DB00202B
:10D5E0009A490860A9209A4908803DE19548008839
:10D5F00038B100224FF4FA719348006801F034FA10
:10D6000032E1002211469048006801F02DFA8F485F
:10D610000068B0F5FA7F05DB00208C490860AA207D
:10D620008B49088020E18748008838B100224FF4F8
:10D63000FA718548006801F017FA15E140F2BA3234
:10D6400000218148006801F00FFA80480068B0F5B9
:10D65000FA7F05DB00207D490860AB207C4908800B
:10D6600002E17848008838B100224FF4FA71764818
:10D67000006801F0F9F9F7E040F2523200217248F7
:10D68000006801F0F1F971480068B0F5FA7F05DB38
:10D6900000206E490860AC206D490880E4E06948CC
:10D6A000008838B100224FF4FA716748006801F031
:10D6B000DBF9D9E040F2F52200216348006801F06F
:10D6C000D3F962480068B0F5FA7F05DB00205F49B6
:10D6D0000860AD205E490880C6E05A48008838B12D
:10D6E00000224FF4FA715848006801F0BDF9BBE020
:10D6F00040F27D2200215448006801F0B5F95348FA
:10D700000068B0F57A7F05DB002050490860AE2044
:10D710004F490880A8E04B48008838B100224FF4F8
:10D72000FA714948006801F09FF99DE040F27D22BE
:10D7300000214548006801F097F944480068B0F5B9
:10D74000FA7F05DB002041490860AF20404908808E
:10D750008AE03C48008838B100224FF4FA713A4818
:10D76000006801F081F97FE040F2F522002136489F
:10D77000006801F079F935480068B0F5FA7F05DBFB
:10D78000002032490860B020314908806CE02D4803
:10D79000008838B100224FF4FA712B48006801F07C
:10D7A00063F9FFE340F2523200212748006801F09C
:10D7B0005BF926480068B0F5FA7F05DB00202349B5
:10D7C0000860B12022490880ECE31E48008838B187
:10D7D00000224FF4FA711C48006801F045F9E1E3BA
:10D7E00040F2BA3200211848006801F03DF91748AC
:10D7F0000068B0F5FA7F05DB002014490860B2200C
:10D8000013490880CEE30F48008838B100224FF456
:10D81000FA710D48006801F027F9C3E340F26F4246
:10D8200000210948006801F01FF908480068B0F5B8
:10D83000FA7F05DB002005490860B3200449088011
:10D84000B0E3000036030024400300244403002416
:10D8500038030024FE48008838B100224FF4FA71E2
:10D86000FC48006801F000F99CE340F2FB42002113
:10D87000F848006801F0F8F8F7480068B0F5FA7F5A
:10D8800005DB0020F4490860B420F449088089E3EE
:10D89000EF48008838B100224FF4FA71ED48006873
:10D8A00001F0E2F87EE340F2F5220021E948006849
:10D8B00001F0DAF8E848006840F2DC51884205DB04
:10D8C0000020E5490860B520E44908806AE3E048A3
:10D8D000008838B100224FF4FA71DE48006801F088
:10D8E000C3F85FE340F2F5220021DA48006801F056
:10D8F000BBF8D9480068B0F5FA7F05DB0020D649AF
:10D900000860B620D54908804CE3D148008838B17A
:10D9100000224FF4FA71CF48006801F0A5F841E306
:10D9200000221146CB48006801F09EF8CA48006802
:10D93000B0F5FA7F05DB0020C7490860B720C7496A
:10D9400008802FE3C248008838B100224FF4FA71F2
:10D95000C048006801F088F824E340F2F522002175
:10D96000BC48006801F080F8BB480068B0F5FA7F59
:10D9700005DB0020B8490860B820B849088011E3E9
:10D98000B348008838B100224FF4FA71B1480068FA
:10D9900001F06AF806E340F27D220021AD480068FC
:10D9A00001F062F8AC480068B0F5FA7F05DB0020B2
:10D9B000A9490860B920A9490880F3E2A448008871
:10D9C00038B100224FF4FA71A248006801F04CF817
:10D9D000E8E240F2372200219E48006801F044F856
:10D9E0009D480068B0F5FA7F05DB00209A49086081
:10D9F000BA209A490880D5E29548008838B10022BB
:10DA00004FF4FA719348006801F02EF8CAE240F230
:10DA1000F52200218F48006801F026F88E48006842
:10DA2000B0F57A7F05DB00208B490860BB208B496D
:10DA30000880B7E28648008838B100224FF4FA71B6
:10DA40008448006801F010F8ACE240F2F5220021B1
:10DA50008048006801F008F87F480068B0F5FA7F58
:10DA600005DB00207C490860BC207C49088099E2E5
:10DA70007748008838B100224FF4FA717548006881
:10DA800000F0F2FF8EE240F252320021714800684D
:10DA900000F0EAFF70480068B0F5FA7F05DB00206F
:10DAA0006D490860BD206D4908807BE268480088A8
:10DAB00038B100224FF4FA716648006800F0D4FFD4
:10DAC00070E240F2523200216248006800F0CCFF60
:10DAD00061480068B0F5FA7F05DB00205E49086008
:10DAE000BE205E4908805DE25948008838B10022B6
:10DAF0004FF4FA715748006800F0B6FF52E240F266
:10DB0000BA3200215348006800F0AEFF5248006866
:10DB1000B0F5FA7F05DB00204F490860BF204F4970
:10DB200008803FE24A48008838B100224FF4FA7179
:10DB30004848006800F098FF34E240F2F5220021E6
:10DB40004448006800F090FF4348006840F2EE212E
:10DB5000884205DB002040490860C0203F4908801A
:10DB600020E23B48008838B100224FF4FA7139486E
:10DB7000006800F079FF15E240F25232002135488A
:10DB8000006800F071FF34480068FA2805DB0020C7
:10DB900031490860C1203149088003E22C480088DF
:10DBA00038B100224FF4FA712A48006800F05CFF97
:10DBB000F8E140F2523200212648006800F054FF9C
:10DBC00025480068B0F5FA7F05DB0020224908608F
:10DBD000C22022490880E5E11D48008838B10022B2
:10DBE0004FF4FA711B48006800F03EFFDAE140F2A2
:10DBF000BA3200211748006800F036FF1648006866
:10DC0000B0F5FA7F05DB002013490860C3201349F3
:10DC10000880C7E10E48008838B100224FF4FA713D
:10DC20000C48006800F020FFBCE140F2BA3200214D
:10DC30000848006800F018FF07480068B0F57A7FD0
:10DC400005DB002004490860C42004490880A9E1DC
:10DC50003603002440030024440300243803002436
:10DC6000D148008838B100224FF4FA71CF480068DB
:10DC700000F0FAFE96E140F26F420021CB480068C6
:10DC800000F0F2FECA480068B0F5FA7F05DB00201C
:10DC9000C7490860C520C749088083E1C248008899
:10DCA00038B100224FF4FA71C048006800F0DCFE81
:10DCB00078E140F2BA320021BC48006800F0D4FE9E
:10DCC000BB480068B0F5FA7F05DB0020B849086062
:10DCD000C620B849088065E1B348008838B1002201
:10DCE0004FF4FA71B148006800F0BEFE5AE140F20C
:10DCF000F5220021AD48006800F0B6FEAC4800688F
:10DD0000B0F5FA7F05DB0020A9490860C720A949C2
:10DD1000088047E1A448008838B100224FF4FA7126
:10DD2000A248006800F0A0FE3CE140F2523200211F
:10DD30009E48006800F098FE9D480068B0F57A7F24
:10DD400005DB00209A490860C8209A49088029E12B
:10DD50009548008838B100224FF4FA719348006862
:10DD600000F082FE1EE140F2523200218F4800682E
:10DD700000F07AFE8E480068B0F5FA7F05DB0020DF
:10DD80008B490860C9208B4908800BE186480088D0
:10DD900038B100224FF4FA718448006800F064FE44
:10DDA00000E140F2BA3200218048006800F05CFED9
:10DDB0007F480068B0F5FA7F05DB00207C490860E9
:10DDC000CA207C490880EDE07748008838B10022FD
:10DDD0004FF4FA717548006800F046FEE2E040F248
:10DDE0006F4200217148006800F03EFE70480068F4
:10DDF000B0F5FA7F05DB00206D490860CB206D4946
:10DE00000880CFE06848008838B100224FF4FA71EA
:10DE10006648006800F028FEC4E040F2FB420021A2
:10DE20006248006800F020FE61480068B0F5FA7FA3
:10DE300005DB00205E490860CC205E490880B1E027
:10DE40005948008838B100224FF4FA7157480068E9
:10DE500000F00AFEA6E040F252320021534800686A
:10DE600000F002FE52480068B0F5FA7F05DB0020A2
:10DE70004F490860CD204F49088093E04A48008808
:10DE800038B100224FF4FA714848006800F0ECFD08
:10DE900088E040F2F52200214448006800F0E4FDEB
:10DEA00043480068B0F5FA7F05DB00204049086070
:10DEB000CE204049088075E03B48008838B10022F8
:10DEC0004FF4FA713948006800F0CEFD6AE040F284
:10DED000BA3200213548006800F0C6FD34480068B9
:10DEE000B0F57A7F05DB002031490860CF20314949
:10DEF000088057E02C48008838B100224FF4FA71AE
:10DF00002A48006800F0B0FD4CE040F2BA3200212F
:10DF10002648006800F0A8FD25480068B0F57A7F23
:10DF200005DB002022490860D0202249088039E022
:10DF30001D48008838B100224FF4FA711B48006870
:10DF400000F092FD2EE040F2BA320021174800683E
:10DF500000F08AFD16480068B0F57A7F05DB0020E6
:10DF600013490860D120134908801BE00E4800883F
:10DF700038B100224FF4FA710C48006800F074FDCB
:10DF800010E0002211460948006800F06DFD0848C5
:10DF90000068B0F57A7F04DB002005490860054978
:10DFA000088000BF00BF00BD3603002440030024EA
:10DFB00044030024380300240248008808B900BF45
:10DFC00000BF7047360300241FB500200090019069
:10DFD00002900390F7F7C6FC01208DF800000020A6
:10DFE0008DF8010001901F208DF8080087208DF822
:10DFF000090000208DF80A008DF80B0001208DF833
:10E000000C008DF80D0000208DF80E008DF80F002B
:10E010006846F7F779FC0420F7F7B4FC1FBD000051
:10E0200008B500BF0A48006840F4001008490860BD
:10E030000846006800F40010009000BF00BF0022F6
:10E0400005218120F7F7DEFC8120F7F7C7FC08BD2A
:10E05000E044025808B500BF0E48006840F00100D7
:10E060000C4908600846006800F00100009000BFFD
:10E0700000BF002205210B20F7F7C4FC0B20F7F7A7
:10E08000ADFC002205210D20F7F7BCFC0D20F7F7B1
:10E09000A5FC08BDD844025810B51E481E490860AA
:10E0A0000020886000211C48C1600121017400210A
:10E0B0004174012181744161142181613B21C1615D
:10E0C0001421016201214162022181620D21C1629C
:10E0D000022101630021416304218163C16308219E
:10E0E000016404214164082181640421C164022186
:10E0F00001650421416508218165C1650166002132
:10E10000416604218166F6F7ADFE08B1F4F7B6FA70
:10E1100010BD000000A000405804002410B51E48A7
:10E120001E4908600020886000211C48C160012150
:10E1300001740021417401218174416114218161C4
:10E140003B21C161142101620121416202218162EE
:10E150000D21C1620221016340F2064141630421A5
:10E160008163C16308210164042141640821816441
:10E170000421C164022101650421416508218165F2
:10E18000C16501660021416604218166F6F76AFED9
:10E1900008B1F4F773FA10BD00A40040F80400249D
:10E1A00010B51E481E4908600020886000211C48E8
:10E1B000C160012101740021417401218174416118
:10E1C000142181613B21C16114210162012141625D
:10E1D000022181620D21C1620221016340F6120118
:10E1E000416304218163C163082101640421416406
:10E1F000082181640421C164022101650421416573
:10E2000008218165C165016600214166042181669E
:10E21000F6F728FE08B1F4F731FA10BD00D400403B
:10E220009805002410B50B4A00210B4808F07AFD30
:10E230000A4908600A4A00210A4808F073FD0A49A1
:10E2400008600A4A00210A4808F06CFD0949086084
:10E2500010BD0000B48C0108C5F7000800000024C0
:10E26000D88C0108F508000804000024FC8C010883
:10E270007DE700080800002400B587B0142102A83B
:10E28000F2F7F0F800BF5448006840F0100052491F
:10E2900008600846006800F01000019000BF00BF51
:10E2A00000BF0846006840F00400086008460068A7
:10E2B00000F00400019000BF00BF00BF08460068E6
:10E2C00040F0800008600846006800F0800001907F
:10E2D00000BF00BF00BF0846006840F001000860B2
:10E2E0000846006800F00100019000BF00BF00BFB9
:10E2F0000846006840F0020008600846006800F028
:10E300000200019000BF00BF00BF0846006840F057
:10E31000080008600846006800F00800019000BF8F
:10E3200000BF002204212D48F7F75CFA00224FF4C9
:10E3300000412B48F7F756FA042002900120039081
:10E3400000200490059002A92448F7F74DF94FF4F6
:10E35000004002900120039004900020059002A943
:10E360001F48F7F741F9052002904FF4041003907D
:10E370000120049002A91B48F7F736F94FF4085022
:10E3800002904FF4041003900120049002A9134856
:10E39000F7F72AF9002205210620F7F733FB0620BC
:10E3A000F7F71CFB002205210820F7F72BFB0820BC
:10E3B000F7F714FB002205211720F7F723FB17209E
:10E3C000F7F70CFB002205212820F7F71BFB28207C
:10E3D000F7F704FB07B000BDE044025800100258F4
:10E3E000000802580000025810B516481649086087
:10E3F0004FF4800048604111134881600721C160DB
:10E40000002101614FF080714161890081618900C3
:10E41000C1610021016241628162C1624FF08041AD
:10E42000416300218163C163016441648164C1640B
:10E43000016541658165FAF737FB08B1F4F71EF90C
:10E4400010BD0000001400583806002400B58FB03D
:10E4500000200B900C900D900E90089009900A905F
:10E460001C2101A8F1F7FEFF1F4820490860EF209A
:10E47000486000211D4881604FF6FF71C160002196
:10E4800001618161FAF736FE08B1F4F7F7F84FF44D
:10E4900080500B900BA91548FAF706FF08B1F4F766
:10E4A000EDF81248FBF751F908B1F4F7E7F800204E
:10E4B00008900A9008A90D48FAF7AAFD08B1F4F7E8
:10E4C000DDF8602001900020029003900590042266
:10E4D00001A90648FBF781F808B1F4F7CFF8034823
:10E4E000FBF74AF80FB000BD001800408407002475
:10E4F00000B587B00020039004900590069000902E
:10E50000019002904FF0804013490860EF2048606E
:10E5100000211148816040F2E731C16000210161B2
:10E520008161FAF7E7FD08B1F4F7A8F84FF48050DD
:10E53000039003A90848FAF7B7FE08B1F4F79EF86C
:10E5400000200090029069460348FAF761FD08B187
:10E55000F4F794F807B000BD3807002410B5194847
:10E5600019490860194848604FF480511648816085
:10E570004900C160C91001610C2141610021816124
:10E58000C1610162416200200F4988620846FBF7C1
:10E59000A4FF08B1F4F772F800210B48FBF710FD57
:10E5A00008B1F4F76BF800210748FBF7DAFC08B173
:10E5B000F4F764F80448FBF7CCF908B1F4F75EF817
:10E5C00010BD000000500040D0070024A0860100CC
:10E5D00010B51848184908604FF4E1304860002130
:10E5E00015488160C16001610C2141610021816198
:10E5F000C1610162416200200F4988620846FBF751
:10E600006CFF08B1F4F73AF800210B48FBF7D8FC8F
:10E6100008B1F4F733F800210748FBF7A2FC08B172
:10E62000F4F72CF80448FBF794F908B1F4F726F84E
:10E6300010BD0000007C00406408002410B519489B
:10E64000194908604FF4E1304860002116488160A4
:10E650004FF40051C160002101610C214161002192
:10E660008161C1610162416200200F4988620846F0
:10E67000FBF733FF08B1F4F701F800210A48FBF774
:10E680009FFC08B1F3F7FAFF00210748FBF769FC8C
:10E6900008B1F3F7F3FF0448FBF75BF908B1F3F7B0
:10E6A000EDFF10BD00100140F808002410B5012254
:10E6B0000E490F4803F07CF808B1F3F7DFFF0D496E
:10E6C0000B4803F0BCFB08B1F3F7D8FF0A49084830
:10E6D00002F05AFC08B1F3F7D1FF054803F0B2FC91
:10E6E00008B1F3F7CBFFF8F70FF910BD480300248A
:10E6F000806B0024D4030024B003002410B5F0EE96
:10E70000401AB0EE602A914203DD0C4611462246C3
:10E7100000BF914202D1B0EE610A10BD884201DA19
:10E720000C4604E0904201DD144600E00446234616
:10E730005C1A00EE104AB8EEC03A541A00EE104AC5
:10E74000B8EEC00AC3EE002A32EE610AF0EE610AAA
:10E7500042EE800A00BFB0EEE00AB4EEC10AF1EE6C
:10E7600010FA03D29FED030AF0EE400AB0EE600A01
:10E77000D3E700000000000000BFFEE709F058F9F1
:10E7800003E020204949C1F88C0000214848F3F7F4
:10E7900079FB50B100214748F3F774FB28B1002101
:10E7A0004548F3F76FFB0028EBD10021404809F002
:10E7B000F5F800213F4809F0F1F800203F490870C2
:10E7C0003F49087048708870C87000BF3D48008994
:10E7D000B0F57A7F03DB01203B49087002E002209C
:10E7E000394908703748408AB0F57A7F31DB00201C
:10E7F000364908602E4890F8C400012801D0012055
:10E8000000E000202A4991F81C12012901D00121C1
:10E8100000E00021084308B1F3F7A4FBF2F77AF90E
:10E8200028488089B0F57A7F10DB09F04BF8F1EECB
:10E83000040A9FED270A1E48F3F7CFFEF1EE040A03
:10E840009FED240A1B48F3F7C8FE2BE004F0EAFD15
:10E8500028E0174890F8C40008B1012000E000202B
:10E86000134991F81C1209B1012100E0002108436D
:10E8700008B1F3F763FB1148007840B90120134950
:10E880000860F2F72FFE012008F0EEF99EE70F482E
:10E89000006838B9002009490870094908704870B3
:10E8A0008870C870012008F0DFF98FE7D0070024D6
:10E8B000C0680024186A002490620024F501002436
:10E8C000F101002424020024170200241C02002469
:10E8D00000000000000048422DE9F04104460E46C9
:10E8E00015461F46DDF81880277784F81D80A67727
:10E8F0001048A0601048E060104820611048606136
:10E900001048A0619822294604F12000F1F791FDFA
:10E9100095F8981084F8B8109B21B5F89920BB2081
:10E92000A4F8B920495D0155D5F89C10C4F8BC1075
:10E93000BDE8F08149E900085BE90008A907000883
:10E94000930700088907000870B50446254620464D
:10E95000F1F722FF0120207070BD014670470000D2
:10E9600010B52DED028B0446B0EE408A607F20B3D7
:10E97000012802D0022833D131E094ED5E0AB8EECE
:10E98000C00AF0EE400AB0EE480A04F58A7007F0BB
:10E99000DFFFF0EE408AB4F9640100EE100AB8EE31
:10E9A000C00AF0EE400AB0EE680A04F1C40007F0B5
:10E9B000CFFF0F4880ED000A12E0B4F9640100EEC9
:10E9C000100AB8EEC00AF0EE400AB0EE480A04F1B0
:10E9D000C40007F0BDFF064880ED000A00E000BF5C
:10E9E00000BF034890ED000ABDEC028B10BD000093
:10E9F000FC01002410B52DED028B0446B0EE408AD8
:10EA000094ED2A0AB8EEC00AF0EE400AB0EE480AC9
:10EA100004F1500007F09CFF0C4880ED000AB4F9A7
:10EA2000A00000EE100AB8EEC00AF0EE400A074857
:10EA300090ED000A204607F08BFF054880ED000AA4
:10EA400090ED000ABDEC028B10BD00001002002406
:10EA50000C02002400BFFEE710B50248F7F705FAE4
:10EA600010BD00009C800024034B1B689863024B80
:10EA70001B68DA6270470000840700242DE9F04724
:10EA800004460D4626683746D6F8408007F53060C4
:10EA900000EB4510D0F80890104880450BD909F4D8
:10EAA0000040B0F5004F06D14FF4004107F530604B
:10EAB00000EB451081602046F7F7ACFE0748804523
:10EAC00008D9A079012805D104F29C4201212068CF
:10EAD00003F07AFF0020BDE8F08700000A30544FB1
:10EAE0002DE9F04705460C46D5F800904E46D9F87A
:10EAF00040A006F5306000EB4410D0F80880A879FB
:10EB0000012855D108F0080008280FD14348824554
:10EB10000BD908F40040B0F5004F7BD14FF4004111
:10EB200006F5306000EB4410816073E008F02000CF
:10EB3000202806D1202106F5306000EB44108160CA
:10EB400068E008F02800002864D1344882450CD9D8
:10EB500008F40040B0F5004F07D14FF4004106F52E
:10EB6000306000EB4410816054E004EBC40105F513
:10EB7000157000EB810706F5306000EB4410396A30
:10EB80000069C0F31200081A786164B9386930B9B5
:10EB900005F29C420121286803F016FF03E0796921
:10EBA000F8680844F860E1B22846F6F7D5FF31E08E
:10EBB0001B4882451BD108F40040B0F5004F07D137
:10EBC0004FF4004106F5306000EB4410816021E015
:10EBD00008F02000202805D1202106F5306000EB48
:10EBE00044108160E1B22846F6F7B6FF12E06CB936
:10EBF00004EBC40105F5157000EB8100006928B92C
:10EC000005F29C420021286803F0DEFEE1B22846AE
:10EC1000F6F7A2FF0020BDE8F08700000A30544F4D
:10EC20000A31544F2DE9F84F07460E46D7F80090A9
:10EC3000C84606EBC60107F1140000EB8104D4E9D5
:10EC40000410884202D90120BDE8F88FD4E90401FC
:10EC5000451AA068A84200D2A568E81C4FEA900AAD
:10EC600017E0D4E90401451AA068A84200D2A568BB
:10EC7000E81C4FEA900AB879ABB2F2B2009048466D
:10EC8000E16804F0ADFBE0682844E0606069284476
:10EC9000606108F5106000EB4610806980B2504555
:10ECA00006D3D4E90410884202D220690028D8D1C2
:10ECB000D4E9040188420ED806F00F01012000FAC1
:10ECC00001FB40F6340050F8080020EA0B0040F643
:10ECD000340141F808000020B6E700000021C160BF
:10ECE000016141619FED0A0A80ED060A9FED080A65
:10ECF00080ED070A9FED060A80ED080A9FED040AE1
:10ED000080ED090A9FED020A80ED0A0A70470000B3
:10ED10000000000070B504460D46164625700748F1
:10ED2000E0640748A0642046E16C884731462046ED
:10ED3000A26C90474621085570BD0000DDEC00082C
:10ED400045ED0008024691ED000A82ED0B0A91EDB7
:10ED5000010A82ED0C0A91ED020A82ED0D0A91ED95
:10ED6000030A82ED0E0A91ED040A82ED0F0A91ED7D
:10ED7000050A82ED100A0020A2F844007047000046
:10ED800070B52DED088B88B005460E46F949888888
:10ED90009FEDF91AF2EE040A9FEDF80A40F2D662EE
:10EDA0004FF48271FFF7AAFCF54880ED000AF548A0
:10EDB0000078012835D1EF490888B7EE001AF2EE45
:10EDC000040ABAEE040A40F2D6624FF48E71FFF7DD
:10EDD00095FCED4880ED000AE6494888B7EE001A38
:10EDE000F2EE040ABAEE040A40F2EF6240F21311A6
:10EDF000FFF784FCB1EE400AE44880ED000ADD49EB
:10EE0000C888B7EE001AF2EE040ABAEE040A4FF40C
:10EE1000E1624FF49171FFF771FCDD4880ED000A6B
:10EE200001E008F07DFEB1EE040A85ED170AD7482F
:10EE300090ED000AD248D0ED000A20EE200A85EDC0
:10EE4000140AD14890ED000ACD48D0ED000A20EE1A
:10EE5000200A85ED150ACE4890ED000AC848D0ED8D
:10EE6000000A20EE200A85ED160AB1EE040A86EDAE
:10EE7000170AC64890ED000AC148D0ED000A20EEFE
:10EE8000200A86ED140AC04890ED000ABC48D0ED77
:10EE9000000A20EE200A86ED150ABD4890ED000A12
:10EEA000B748D0ED000A20EE200A86ED160AB94BCD
:10EEB0000FCB04AC0FC4B74B10330FCB8DE80F0052
:10EEC0009FEDB5BA00241EE195ED140AD5ED160AA2
:10EED000684600EB840090ED001A00EEC10AB0EE27
:10EEE00040AA95ED150AD5ED160A04A800EB84009A
:10EEF00090ED001A00EE810AB0EE409A6AEE0A0A1E
:10EF000049EE090AB0EE600A07F080FCA34800EB66
:10EF1000840080ED000AF0EE4A0AB0EE490A07F0DC
:10EF20004DFA9F4800EB840080ED000A9FED930AA4
:10EF3000F0EE408A34B1012C1DD0022C34D0032CC9
:10EF400064D14AE0974890ED5E0AB8EEC00AF0EE50
:10EF5000408ADFED950A88EEA00ADFED940A20EEE4
:10EF6000200ADFED8D0A80EE201A914800EB840024
:10EF700080ED001A4AE08F4890ED5E0AB8EEC00AB4
:10EF8000F0EE408A9FED880AC8EE800A9FED870A5E
:10EF900020EE800ADFED800A80EE201A844800EB24
:10EFA000840080ED001A31E0834890ED5E0AB8EEEF
:10EFB000C00AF0EE408A9FED7C0AC8EE800A9FED01
:10EFC0007B0A20EE800ADFED740A80EE201A784872
:10EFD00000EB840080ED001A18E0784890ED5E0A9E
:10EFE000B8EEC00AF0EE408ADFED6F0A88EEA00AA4
:10EFF000DFED6E0A20EE200ADFED670A80EE201AB0
:10F000006B4800EB840080ED001A00BF00BF64482D
:10F0100000EB840090ED000A654800EB8400D0ED21
:10F02000000A30EE608A05E09FED600A38EE400A83
:10F03000B0EE408A9FED620AB4EEC08AF1EE10FA9B
:10F04000F2DC05E09FED590A38EE000AB0EE408A86
:10F050009FED5C0AB4EEC08AF1EE10FAF2D39FED98
:10F060005A0AB4EEC08AF1EE10FA12DD9FED540A8E
:10F0700038EE400AB0EE408A484800EB840090ED3C
:10F08000000AB1EE400A454800EB840080ED000A1A
:10F0900018E09FED4E0AB4EEC08AF1EE10FA11D2DC
:10F0A0009FED470A38EE000AB0EE408A3B4800EB7D
:10F0B000840090ED000AB1EE400A384800EB84006D
:10F0C00080ED000A3A4800EB840090ED000A70EEF3
:10F0D00008AA324800EB840090ED000A05F16000B8
:10F0E00000EB840080ED000A9FED390A2AEE800AC9
:10F0F000DFED290A20EE200A06F1600000EB840013
:10F1000080ED000A641C042CFFF6DEAEDFED319AC0
:10F11000002472E005F1600000EB840090ED000A2D
:10F12000DFED220A29EEA01AC0EE010A9FED2A0A9D
:10F1300020EE800AB0EE408A34B1012C0BD0022CB4
:10F1400010D0032C57D14FE02448B0EE480AD0F835
:10F15000901188474FE02248B0EE480AD0F890114D
:10F16000884748E01F48B0EE480AD0F89011884719
:10F1700041E0000024020024CDCC4C3D0000000002
:10F18000EC01002417020024DC010024D801002433
:10F19000E0010024DC8D0108000010430C62002413
:10F1A000CC6100245C5B002400000046DB0FC940FA
:10F1B000EC610024F85C0024945E0024306000249C
:10F1C000DB0F4940DB0F49C0DB0FC93FDB0FC9BF75
:10F1D00083F9A244AE47613D00007042EC54002424
:10F1E00088560024245800241748B0EE480AD0F866
:10F1F0009011884700BF00BF641C042C8ADBD6ED49
:10F20000180AB0EE600A1148D0F890118847D6ED80
:10F21000190AB0EE600A0E48D0F890118847D6ED72
:10F220001A0AB0EE600A0B48D0F890118847D6ED64
:10F230001B0AB0EE600A0848D0F89011884708B061
:10F24000BDEC088B70BD0000C05900245C5B00243D
:10F25000F85C0024945E0024306000242DE9F04125
:10F2600004460E4600275548006800F003000328B6
:10F2700002D10120BDE8F08150482838006820F014
:10F2800080604E4928390860F6F7B2FA054606E074
:10F29000F6F7AEFA401B022801D90320EAE74748F7
:10F2A00028380068C0F3C0600028F1D100BF43488F
:10F2B000006820F47C30216840EA01303F49086052
:10F2C000A088401EC0F30800A168491E4FF47E428A
:10F2D00002EA41210843A189491ED20102EA014103
:10F2E0000843217C491E120202EA016108433349A6
:10F2F0001031086000BF3148001D006820F0C000D8
:10F30000616908432D49091D08600846006820F01E
:10F310002000A16908432949091D086008460068C2
:10F3200020F0100008602548143000684FF6F8718E
:10F330008843E16940EAC1002049143108601F4850
:10F34000001D006840F010001C49091D08602EB91E
:10F350000846006840F40020086012E0012E08D141
:10F360001648001D006840F480101449091D08600B
:10F3700007E01248001D006840F400100F49091D05
:10F3800008600E482838006840F080600B49283932
:10F390000860F6F72DFA054606E0F6F729FA401B55
:10F3A000022801D9032065E7044828380068C0F323
:10F3B000C0600028F1D038465CE7000028440258BD
:10F3C0002DE9F04104460E4600275548006800F03C
:10F3D0000300032802D10120BDE8F08150482838FD
:10F3E000006820F080504E4928390860F6F700FA8E
:10F3F000054606E0F6F7FCF9401B022801D9032078
:10F40000EAE7474828380068C0F340700028F1D187
:10F4100000BF4348006820F07C70218840EA01501A
:10F420003F490860A088401EC0F30800A168491E3B
:10F430004FF47E4202EA41210843A189491ED201CC
:10F4400002EA01410843217C491E120202EA0161DD
:10F45000084333491831086000BF3148001D006877
:10F4600020F44060616908432D49091D0860084681
:10F47000006820F40070A16908432949091D08604B
:10F480000846006820F48070086025481C30006839
:10F490004FF6F8718843E16940EAC10020491C3108
:10F4A00008601F48001D006840F480701C49091D59
:10F4B00008602EB90846006840F48000086012E039
:10F4C000012E08D11648001D006840F400001449C0
:10F4D000091D086007E01248001D006840F08070B8
:10F4E0000F49091D08600E482838006840F0805018
:10F4F0000B4928390860F6F77BF9054606E0F6F770
:10F5000077F9401B022801D9032065E70448283811
:10F510000068C0F340700028F1D038465CE7000076
:10F520002844025800B101B970474278837842EA12
:10F530000322C2F30A020A808278D210C37842EA18
:10F540004312C2F30A024A80C2789211037942EA56
:10F550008302437942EA8322C2F30A028A80427913
:10F560005210837942EAC312C2F30A02CA80827936
:10F570001211C37942EA0312C2F30A020A81C27964
:10F58000D211037A42EA4302437A42EA4322C2F3A7
:10F590000A024A81427A9210837A42EA8312C2F3C3
:10F5A0000A028A81827A5211C37A42EAC302CA816C
:10F5B000027B437B42EA0322C2F30A020A82427BB5
:10F5C000D210837B42EA4312C2F30A024A82827B50
:10F5D0009211C37B42EA8302037C42EA8322C2F394
:10F5E0000A028A82027C5210437C42EAC312C2F3AE
:10F5F0000A02CA82427C1211837C42EA0312C2F3DD
:10F600000A020A83827CD211C37C42EA4302037D50
:10F6100042EA4322C2F30A024A83027D9210437DEA
:10F6200042EA8312C2F30A028A83427D5211837D29
:10F6300042EAC302CA83C27D1AB9002281F820209F
:10F6400002E0012281F82020FA2281F8212000BF67
:10F650006AE7000010B50248F9F7DCF810BD0000B9
:10F6600038060024026851690268926942F0080273
:10F6700003689A610268926942F0100203689A6115
:10F680000268126822F0010203681A6002681269B7
:10F6900040F26F339A4303681A610268926822F459
:10F6A000404203689A6090F88120042A0ED001F04D
:10F6B00020025AB1D0F8842042F08002C0F88420A1
:10F6C0000268926942F0200203689A6190F88120F2
:10F6D000032A0ED001F040025AB1D0F8842042F043
:10F6E0000402C0F884200268926942F04002036874
:10F6F0009A6101F400725AB1D0F8842042F00102FC
:10F70000C0F884200268926942F4007203689A612A
:10F7100001F480725AB1D0F8842042F00802C0F897
:10F7200084200268926942F4807203689A61002220
:10F73000A0F86220A0F86A20704770B50546AC6B4F
:10F7400000206234208120800120E077623C204646
:10F75000F9F75EF870BD10B501460124C86B04EBE3
:10F760005013C868421CD01DC20802FB03F010BD34
:10F770002DE9F04106460D4617461C46DDF8188077
:10F780000BE0F6F735F8A0EB0800A04201D3601CAF
:10F7900000B914B90320BDE8F08130684069284001
:10F7A000A84201D1012000E00020B842E9D00020A9
:10F7B000F1E730B501460A461378521C147843EA43
:10F7C000042030BDFEF772FF00BF012007F04CFAA5
:10F7D000FBE710B5F1F766FF0520F4F7F7FE10BD63
:10F7E00070B504460D4604B115B90120606070BDC6
:10F7F000607F062802DB02206060F8E7002010E04E
:10F8000004F1200151F82010A94205D004F138017B
:10F81000095CAA7F914202D103216160E7E7411CA4
:10F82000C8B2617F8142EBDC617F04F1200040F8C7
:10F830002150A97F627F18308154607F401C60771F
:10F840002846A96888470020606000BFCFE7000015
:10F8500010B50A4602770E4981600E49C1600E4913
:10F8600001610E4941610E4981610E4941640021E7
:10F8700008E0002400F1200343F8214018335C54D1
:10F880004B1CD9B20629F4DB0021417710BD0000E2
:10F89000A9F80008BBF80008A907000893070008AA
:10F8A00089070008E1F7000870B5044625462046A0
:10F8B000F0F772FF0020207070BD70B50446254639
:10F8C0002046F0F76EFF70BD10B54FF0E0200069E4
:10F8D00008F056FF012801D008F0E8FC10BD000038
:10F8E00000B59DB04C210AA8F0F7BCFD202102A86C
:10F8F000F0F7B8FD0220F6F7D7FF00BF0020019017
:10F900002548006820F44040234908600846006804
:10F9100000F44040019000BF00BF00BF1E480068D7
:10F9200000F40050B0F5005FF8D121200A904FF4A8
:10F9300080300B900120109002201390022114912E
:10F940001591282116910121179106211891022164
:10F9500019910C211A9100211B911C910AA8F8F70A
:10F96000A9FB08B1F2F78AFE3F2002900320039022
:10F970000020049008200590402006900790000188
:10F98000089040200990032102A8F8F76DF808B10B
:10F99000F2F774FE1DB000BD184802583A480068DE
:10F9A00040F47000384908603848006800F00F00E3
:10F9B000072806D23548006820F00F00C01D3349E3
:10F9C00008603348006840F00100314908600020B9
:10F9D0002F49103108602E4800682E4908402C49F4
:10F9E00008602A48006800F00F00072806D9274859
:10F9F000006820F00F00C01D244908600020244941
:10FA000018310860091D0860091D08602248204956
:10FA1000283108602148091D08602148091D086037
:10FA20000020091D08601E48091D08600020091DEE
:10FA300008601B48091D08600020091D0860144863
:10FA4000006820F4802012490860002010496031CD
:10FA500008600F48D430006800F4805098B90C4812
:10FA6000D430006840F480500949D431086043F232
:10FA7000D2000C4908600648D430006820F4805059
:10FA80000349D4310860704788ED00E0002000523F
:10FA9000004402587FEDF6EA000202020000FF0176
:10FAA000800201010040005210B50248F9F797FCAE
:10FAB00010BD00007C0A002410B50248F9F78FFC45
:10FAC00010BD00003807002410B50248F9F787FC84
:10FAD00010BD00008407002410B502682E4B984228
:10FAE0000ED0B0F1804F0BD02C4B984208D02C4B4D
:10FAF000984205D02B4B984202D02B4B984203D111
:10FB000022F070024B681A43234B98421DD0B0F18B
:10FB1000804F1AD0214B984217D0214B984214D0D5
:10FB2000204B984211D0204B98420ED01F4B984248
:10FB30000BD01F4B984208D01E4B984205D01E4B4D
:10FB4000984202D01D4B984203D122F44072CB68F8
:10FB50001A4322F080034C6943EA04028B68C362B3
:10FB60000B6883620C4B98420BD00F4B984208D025
:10FB70000E4B984205D00E4B984202D00D4B984246
:10FB800001D10B690363036843F00403036001239D
:10FB90004361026010BD000000000140000400400D
:10FBA00000080040000C00400004014000400140FB
:10FBB000004401400048014000E0004000E40040F3
:10FBC00030B501F01F05012404FA05F3046A9C43D3
:10FBD0000462046A01F01F0502FA05F52C43046271
:10FBE00030BD30B50C46816821F47F4142EA0325DF
:10FBF00025432943816030BD0A468168034B194083
:10FC000042F0070319438160704700008FFFCFFF68
:10FC100030B5026A056A25F001050562436884690A
:10FC2000214D2C4024F003040D682C4322F00202E5
:10FC30008D682A431D4DA84200D10FE01C4DA842FB
:10FC400000D10BE01B4DA84200D107E01A4DA8429D
:10FC500000D103E0194DA84208D100BF056A25F084
:10FC60000405056222F00802CD682A430F4DA84220
:10FC70000BD00F4DA84208D00E4DA84205D00E4D16
:10FC8000A84202D00D4DA84207D123F4807323F47B
:10FC900000734D692B438D692B43436084614D682C
:10FCA0004563026230BD00008FFFFEFF000001408F
:10FCB0000004014000400140004401400048014070
:10FCC00030B5026A056A25F010050562436884694B
:10FCD000234D2C4024F440740D6844EA052422F09E
:10FCE00020028D6842EA05121E4DA84200D10FE0A5
:10FCF0001D4DA84200D10BE01C4DA84200D100BF11
:10FD00001B4DA84200D100BF1A4DA84209D108E0FE
:10FD1000056A25F04005056222F08002CD6842EABE
:10FD20000512104DA8420BD00F4DA84208D00F4D20
:10FD3000A84205D00E4DA84202D00E4DA84209D1CE
:10FD400023F4806323F400634D6943EA85038D69DE
:10FD500043EA8503436084614D688563026230BD78
:10FD6000FF8FFFFE00000140000401400040014001
:10FD7000004401400048014030B5026A056A25F49C
:10FD8000807505624368C469234D2C4024F0030448
:10FD90000D682C4322F400728D6842EA05221F4D43
:10FDA000A84200D10FE01E4DA84200D10BE01D4D2E
:10FDB000A84200D100BF1C4DA84200D100BF1B4D7E
:10FDC000A84209D108E0056A25F48065056222F49D
:10FDD0000062CD6842EA0522104DA8420BD0104DBA
:10FDE000A84208D00F4DA84205D00F4DA84202D01E
:10FDF0000E4DA84209D123F4805323F400534D69DA
:10FE000043EA05138D6943EA05134360C4614D68F5
:10FE1000C563026230BD00008FFFFEFF000001409D
:10FE200000040140004001400044014000480140FE
:10FE300030B5036A056A25F4805505624468C269D5
:10FE4000124D2A4022F440720D6842EA052223F442
:10FE500000538D6843EA05330D4DA8420BD00D4D7C
:10FE6000A84208D00C4DA84205D00C4DA84202D0A3
:10FE70000B4DA84204D124F480444D6944EA851412
:10FE80004460C2614D680564036230BDFF8FFFFEB0
:10FE900000000140000401400040014000440140D6
:10FEA0000048014030B5026A056A25F480350562D4
:10FEB0004368446D114D2C400D682C4322F40032F0
:10FEC0000D8942EA05420E4DA8420BD00D4DA842C5
:10FED00008D00D4DA84205D00C4DA84202D00C4DC3
:10FEE000A84204D123F480334D6943EA05234360DB
:10FEF00044654D688565026230BD00008FFFFEFFDE
:10FF00000000014000040140004001400044014065
:10FF10000048014030B5026A056A25F48015056283
:10FF20004368446D114D2C400D6844EA052422F4C9
:10FF300000120D8942EA05520D4DA8420BD00D4D1D
:10FF4000A84208D00C4DA84205D00C4DA84202D0C2
:10FF50000B4DA84204D123F480234D6943EA852345
:10FF6000436044654D68C565026230BDFF8FFFFE8A
:10FF700000000140000401400040014000440140F5
:10FF80000048014030B50B461446026A056A25F068
:10FF900001050562114DA84200D10FE0104DA842A5
:10FFA00000D10BE00F4DA84200D107E00E4DA84252
:10FFB00000D103E00D4DA84204D100BF056A25F031
:10FFC00004050562816921F0F00141EA041122F083
:10FFD0000A021A438161026230BD00000000014044
:10FFE000000401400040014000440140004801403D
:10FFF00030B50B461446026A056A25F01005056205
:020000040801F1
:10000000114DA84200D10FE0104DA84200D10BE0E5
:100010000F4DA84200D100BF0E4DA84200D100BF35
:100020000D4DA84204D103E0056A25F040050562A4
:10003000816921F4704141EA043122F0A00242EAD0
:1000400003128161026230BD0000014000040140E2
:1000500000400140004401400048014010B5024802
:10006000F9F7E0FF10BD0000D007002410B50248EA
:10007000F9F7D8FF10BD00006408002470B5456E84
:100080002DB90125A0F86A50A0F868501CE0102393
:1000900010240568AD68C5F342610568AD686A0F54
:1000A0000A4DAD5C15FB04F5094EB65C95FBF6F503
:1000B000A0F86A50054D6D5C15FB03F5044E765CA7
:1000C00095FBF6F5A0F8685070BD00009C8D010806
:1000D000A48D010890F8281001F00801082907D123
:1000E0000168496821F40041826B11430268516044
:1000F00090F8281001F0010139B10168496821F434
:100100000031C26A11430268516090F8281001F072
:100110000201022907D10168496821F48031026B8C
:1001200011430268516090F8281001F0040104297D
:1001300007D10168496821F48021426B11430268AC
:10014000516090F8281001F01001102907D10168C2
:10015000896821F48051C26B11430268916090F864
:10016000281001F02001202907D10168896821F4B5
:100170000051026C11430268916090F8281001F060
:100180004001402913D10168496821F48011426C73
:10019000114302685160416CB1F5801F07D10168BD
:1001A000496821F4C001826C11430268516090F8E3
:1001B000281001F08001802907D10168496821F4E5
:1001C0000021C26C114302685160704738B5044683
:1001D0000020C4F89000F5F70BFB05462068006886
:1001E00000F00800082821D16FF07E402B46002245
:1001F0004FF400110090204600F0C6FBB0B100BFE4
:1002000000BF216851E8001F21F08000226842E809
:1002100000010029F5D100BF2020C4F8880000BFEC
:10022000002084F8840000BF032038BD20680068E7
:1002300000F00400042830D16FF07E402B460022ED
:100240004FF480010090204600F09EFB28B300BFD1
:1002500000BF216851E8001F21F49070226842E835
:1002600000010029F5D100BF00BF00BF216808319F
:1002700051E8001F21F001002168083141E8000227
:10028000002AF3D100BF2020C4F88C0000BF00205A
:1002900084F8840000BF0320C7E72020C4F888004A
:1002A000C4F88C000020E066206700BF84F884005A
:1002B00000BF00BFB9E770B50446A56B2846F9F743
:1002C000B0FE70BD00BF00BF026852E8002F22F4EC
:1002D0009071036843E80012002AF5D100BF00BF07
:1002E00000BF0268083252E8002F104B02EA0301F7
:1002F0000268083242E80013002BF2D100BFC16E41
:1003000001290CD100BF00BF026852E8002F22F083
:100310001001036843E80012002AF5D100BF202134
:10032000C0F88C100021C16641677047FEFFFFEFE7
:1003300010B5044600BF00BF216851E8001F21F03E
:100340004000226842E800010029F5D100BF2020CA
:10035000C4F888000020A0672046FAF761FA10BDB3
:100360002DE9F04F89B0054600200890F84928682B
:10037000884200D100E000BF2969A8680843696984
:100380000843E96940EA010828680068F149084023
:1003900040EA0800296808602868406820F4405056
:1003A000E968084329684860D5F81880E849286852
:1003B000884202D0286A40EA080828688068E6492E
:1003C000084040EA0800296888602868C06A20F070
:1003D0000F00696A08432968C86200BFDF492868BE
:1003E000884220D1DE48006800F03800182811D07B
:1003F00005DC48B1082809D0102811D108E02028D0
:100400000AD028280CD109E001240BE0042409E0DB
:10041000082407E0102405E0202403E0402401E044
:10042000802400BF42E1CF492868884219D1CC48D6
:10043000006800F00700062810D2DFE800F003058E
:1004400007090B0D00240BE0042409E0082407E051
:10045000102405E0202403E0402401E0802400BFB4
:1004600024E1C1492868884219D1BD48006800F0DC
:100470000700062810D2DFE800F0030507090B0D7E
:1004800000240BE0042409E0082407E0102405E020
:10049000202403E0402401E0802400BF06E1B349AA
:1004A0002868884219D1AE48006800F00700062885
:1004B00010D2DFE800F0030507090B0D00240BE064
:1004C000042409E0082407E0102405E0202403E0C8
:1004D000402401E0802400BFE8E0A5492868884264
:1004E00019D19F48006800F00700062810D2DFE805
:1004F00000F0030507090B0D00240BE0042409E0BC
:10050000082407E0102405E0202403E0402401E053
:10051000802400BFCAE097492868884220D19048CB
:10052000006800F03800182811D005DC48B1082810
:1005300009D0102811D108E020280AD028280CD191
:1005400009E001240BE0042409E0082407E010245A
:1005500005E0202403E0402401E0802400BFA5E062
:1005600085492868884219D17D48006800F0070055
:10057000062810D2DFE800F0030507090B0D002460
:100580000BE0042409E0082407E0102405E02024FF
:1005900003E0402401E0802400BF87E07749286819
:1005A000884219D16E48006800F00700062810D272
:1005B000DFE800F0030507090B0D00240BE004241D
:1005C00009E0082407E0102405E0202403E040248B
:1005D00001E0802400BF69E069492868884220D191
:1005E0005F48006800F03800182811D005DC48B1D9
:1005F000082809D0102811D108E020280AD028287E
:100600000CD109E001240BE0042409E0082407E0F0
:10061000102405E0202403E0402401E0802400BFF2
:1006200044E058492868884220D14D48006800F0CD
:100630003800182811D005DC48B1082809D0102846
:1006400011D108E020280AD028280CD109E0012483
:100650000BE0042409E0082407E0102405E020242E
:1006600003E0402401E0802400BF1FE038492868EF
:1006700088421AD13A48001D006800F00700062899
:1006800010D2DFE800F0030507090B0D02240BE090
:10069000042409E0082407E0102405E0202403E0F6
:1006A000402401E0802400BF00E0802400BF2849EE
:1006B000286888424BD1102C1AD006DC022C09D0B5
:1006C000042C0BD0082C29D10DE0202C21D0402C5B
:1006D00024D120E0F6F722F9064623E005A8F6F734
:1006E0002FF9069E1EE002A8F6F742FA039E19E0D3
:1006F0001B4854380068C0F3401040B118485438C3
:100700000068C0F3C101204820FA01F600E01E4E47
:1007100008E01E4E06E04FF4004603E000260120EC
:10072000089000BF00BF002E10D01949686A31F848
:100730001000B6FBF0F9686800EB4000484503D8AC
:1007400068680003484525D20120089007E153E07E
:10075000000C0058F369FFCFFFF4FF1100100140B7
:10076000544402580044004000480040004C0040FF
:10077000005000400014014000780040007C004020
:1007800000180140001C01400090D00300093D000A
:10079000848D01087849686A31F810C062460023E8
:1007A00030461946EFF714FE4FF4807C00220346D2
:1007B000A3FB0C0B01FB0CB103FB02136968490896
:1007C00084461CEB010143EB0200CDE90010D5F893
:1007D00004C06246002308460199EFF7F9FD074679
:1007E000B7F5407F05D3B7F5801F02D22868C760F0
:1007F000B5E001200890B2E0E869B0F5004F5BD1A8
:10080000082C1AD005DC5CB1012C0DD0042C2DD1A4
:100810000EE0102C16D0202C23D0402C26D122E024
:10082000F7F70EFB064625E0F7F71CFB064621E02E
:1008300005A8F6F785F8069E1CE002A8F6F798F9D9
:10084000039E17E04D480068C0F3401038B14B4894
:100850000068C0F3C1014A4820FA01F600E0484EA2
:1008600008E0484E06E04FF4004603E00026012071
:10087000089000BF00BF7EB33F49686A31F810009E
:10088000B6FBF0F04000696800EB5100B0FBF1F7F7
:10089000102F0ED3B7F5803F0BD24FF6F07007EA5A
:1008A000000AC7F342004AEA000A2868C0F80CA010
:1008B00055E00120089052E0082C1BD005DC64B103
:1008C000012C0ED0042C2ED10FE0102C17D0202C90
:1008D00024D0402C27D123E041E0F7F7B1FA0646B7
:1008E00025E0F7F7BFFA064621E005A8F6F728F855
:1008F000069E1CE002A8F6F73BF9039E17E01F488E
:100900000068C0F3401038B11C480068C0F3C10152
:100910001B4820FA01F600E0194E08E0194E06E0E7
:100920004FF4004603E000260120089000BF00BFFE
:10093000AEB11149686A31F81000B6FBF0F0696891
:1009400000EB5100B0FBF1F7102F06D3B7F5803F55
:1009500003D2B8B22968C86001E0012008900120E4
:10096000A5F86A00A5F8680000206867A8670898DD
:1009700009B0BDE8F08F0000848D010800440258E2
:100980000090D00300093D002DE9F04104460D46DA
:1009900017469846069E41E0701C00283ED0F4F7AA
:1009A00027FFA0EB0800B04200D816B90320BDE82D
:1009B000F0812068006800F0040070B3802D2DD015
:1009C000402D2BD02068C069C0F3C00078B108204A
:1009D000216808622046FFF775FC0820C4F89000E3
:1009E00000BF002084F8840000BF0120DFE72068FA
:1009F000C069C0F3C02080B14FF400602168086274
:100A00002046FFF75FFC2020C4F8900000BF0020C4
:100A100084F8840000BF0320C9E7FFE72068C069AD
:100A20002840A84201D1012000E00020B842B3D004
:100A30000020BCE710B50248F9F7F4FA10BD000039
:100A4000F80800242DE9F84304460E461746984658
:100A5000089D0120E06600202067A4F85C50206813
:100A6000806840F04000216888602068006840F09D
:100A700010002168086043463A4631460248009516
:100A8000F1F7D4FFBDE8F8838C0900242DE9F0418B
:100A900004460D46D4F8C87204F53070D4F8D41268
:100AA00050F8210010B90320BDE8F08104F5307042
:100AB000D4F8D41250F8216005F00F0000EB80014B
:100AC00004F1140050F8210028B305F00F0000EBEA
:100AD000800104F1140050F8211005F00F0000EB24
:100AE000C00207F1140000EB82008068B1FBF0F255
:100AF00000FB121078B9002105F00F0000EB800216
:100B000004F1140040F8221000231A46294620461A
:100B100001F062F917E00020C6F8140204F5317004
:100B2000D4F8D41250F82100006960B1D6F8080258
:100B300004F53171D4F8D42251F822102A460B69F9
:100B400006F5047198470020AEE770B504460E46DE
:100B500004F53070D4F8D41250F82150D4F8D412DF
:100B600050F8210008B9032070BD3146204600F03E
:100B700085FFC5F80C02D5F8040204F53171D4F8EC
:100B8000D43251F82310CA6805F50371904700204C
:100B9000EAE7000070B504460D463048017820466B
:100BA00000F036FE00212D48007800F00F0000EB29
:100BB000800204F1140000EB8200C1732848017820
:100BC000204600F025FE00212548007800F00F00A7
:100BD00000EB800204F5AA7000EB8200C17321488B
:100BE0000178204600F014FE00211E48007800F035
:100BF0000F0000EB800204F1140000EB8200C173CF
:100C00001848007800F00F0000EB800204F1140097
:100C100000EB8200816004F53070D4F8D41250F8F3
:100C20002100C8B104F53171D4F8D42251F8221052
:100C30004868804704F53071D4F8D42251F8220076
:100C400001F0F6FB002104F53070D4F8D42240F80E
:100C500022100020C4F8BC02002070BD4F04002404
:100C6000500400245104002470B5044604F530708B
:100C7000D4F8D41250F821500DB9032070BD04F5FA
:100C80003170D4F8D41250F8210098B195F80002D0
:100C9000FF280FD095F8012295F8000204F5317174
:100CA000D4F8D46251F826108B6829469847FF2063
:100CB00085F800020020E1E701460A20088001488B
:100CC00070470000C80300242DE9F041044682214A
:100CD0000D4800F031FC054601210B4800F02CFCCA
:100CE00006468121084800F027FC07460DB1102078
:100CF000A8710EB14020B0800FB14020B8804320D1
:100D000020800148BDE8F0810C0400242DE9F04169
:100D1000044682210E4800F00FFC054601210C48D4
:100D200000F00AFC06468121094800F005FC074650
:100D30000DB11020A87116B14FF40070B08017B13A
:100D40004FF40070B880432020800148BDE8F08156
:100D50000C0400242DE9F041044682210D4800F0E6
:100D6000EBFB054601210B4800F0E6FB064681211E
:100D7000084800F0E1FB07460DB11020A8710EB144
:100D80004020B0800FB14020B8804320208001482F
:100D9000BDE8F0810C04002470B504460E464FF403
:100DA000077001F047FB054645B9002104F5307096
:100DB000D4F8D42240F82210022070BD4FF40771FD
:100DC0002846EFF74FFB04F53070D4F8D41240F802
:100DD0002150D4F8D41250F82100C4F8BC02207C71
:100DE00098BB4FF40073022250480178204600F06F
:100DF000EBFE01214D48007800F00F0000EB80026F
:100E000004F1140000EB8200C1734B020222484837
:100E10000178204600F0D8FE01214548007800F016
:100E20000F0000EB800204F5AA7000EB8200C17392
:100E300010214048007800F00F0000EB800204F120
:100E4000140000EB8200816032E0FFE740230222C1
:100E500036480178204600F0B7FE0121334800787B
:100E600000F00F0000EB800204F1140000EB8200A0
:100E7000C173402302222E480178204600F0A4FED0
:100E800001212B48007800F00F0000EB800204F5F0
:100E9000AA7000EB8200C17310212648007800F090
:100EA0000F0000EB800204F1140000EB820081606F
:100EB000082303221F480178204600F085FE012107
:100EC0001C48007800F00F0000EB800204F11400D1
:100ED00000EB8200C1730020C5F8040204F53171F3
:100EE000D4F8D42251F82210086880470020C5F8B1
:100EF0001402C5F81802D5F8040208B902205CE70C
:100F0000207C48B94FF40073094801782046D5F891
:100F1000042200F071FE07E04023054801782046D6
:100F2000D5F8042200F068FE002046E74F040024B4
:100F3000500400245104002470B5044604F53070B8
:100F4000D4F8D41250F82150D4F8D41250F821001B
:100F500008B9032070BD207C48B94FF400730948DC
:100F600001782046D5F8042200F046FE07E0402331
:100F7000044801782046D5F8042200F03DFE002008
:100F8000E8E7000050040024024609B90320704736
:100F900002F53170D2F8D43240F823100020F6E781
:100FA00010B5024602F53070D2F8D44250F8243021
:100FB0000BB9032010BDC3F804120020FAE730B5C6
:100FC00003460C4603F53070D3F8D45250F8251080
:100FD00009B9032030BDC1F80842C1F81022002031
:100FE000F8E72DE9FC4105460C4605F53070D5F8CB
:100FF000D41250F82160002001900090804616B96C
:101000000320BDE8FC81207800F0600000283DD07E
:1010100020287CD1E08868B3207800F08000B8B147
:10102000E288607805F53171D5F8D4C251F82C10FA
:101030008B6831469847E088072801D9072000E0EF
:10104000E08807463A463146284600F012F91CE08F
:10105000607886F80002E088402801D2E08800E04D
:10106000402086F8010296F801223146284600F019
:10107000DCF80AE0607805F53171D5F8D42251F832
:10108000221000228B682146984747E0607830B1F3
:10109000012832D00A2813D00B282FD121E095F84F
:1010A0009C02032805D102226946284600F0E1F897
:1010B00005E02146284600F0ACF84FF0030824E094
:1010C00095F89C02032805D1012201A9284600F0C9
:1010D000D0F805E02146284600F09BF84FF00308C1
:1010E00013E095F89C02032805D02146284600F01D
:1010F00090F84FF0030808E009E006E02146284692
:1011000000F087F84FF0030800BF00BF06E021465B
:10111000284600F07EF84FF0030800BF00BF4046AD
:101120006FE7000070B5054605F53070D5F8D412AC
:1011300050F8214001260CB9032070BDD4F81402E8
:10114000C0B90120C4F814020B48007800F00F0069
:1011500000EB800205F11400D4F8101240F82210C0
:10116000054801782846D4F81032D4F8082200F057
:1011700033FE00263046E0E74F04002470B50446F5
:101180000D460026D4F8B80229464268204690470A
:1011900000B10326304670BD70B504460D4694F884
:1011A0009C02012804D0022803D003280CD101E0BE
:1011B00000BF00BF6888012805D10020C4F8A40240
:1011C000204600F068F804E02946204600F021F8A7
:1011D00000BF00BF70BD02460020704702460020DD
:1011E000704770B506460C4615462B462246002130
:1011F000304600F001FD002070BD70B506460C467B
:1012000015462B4622460021304600F0E5FD002021
:1012100070BD70B504460D468021204600F0ACFD3F
:101220000021204600F0A8FD70BD70B504460E46B2
:1012300015460320C4F89402C4F854514FF4B27018
:1012400006514FF4AC7005512B4632460021204622
:1012500000F0D2FC002070BD10B504460520C4F893
:10126000940200231A461946204600F0C5FC0020CF
:1012700010BD70B504460E4615460220C4F894020F
:1012800065616662A5612B4632460021204600F06A
:10129000A3FD002070BD10B504460420C4F89402DC
:1012A00000231A461946204600F096FD002010BD86
:1012B00070B504460D46E888012804D0294620462A
:1012C000FFF7A7FF1EE094F89C02012804D0022833
:1012D00003D0032810D109E000BF0020A060012244
:1012E00004F108012046FFF7C4FF0AE00122211D96
:1012F0002046FFF7BEFF04E029462046FFF789FF9E
:1013000000BF00BF70BDF8B504460E460020009037
:101310000027002570880012062874D006DC0128FA
:101320001BD0022821D003286ED132E007286CD0D0
:101330000F28F9D1D4F8B402C06938B1207CD4F8B0
:10134000B412CA6969469047074605E0314620460F
:10135000FFF75FFF681CC5B2CBE0207CD4F8B41265
:101360000A68694690470746C3E0207C40B9D4F834
:10137000B802816A6846884707460220787007E00D
:10138000D4F8B802C16A68468847074602207870D8
:10139000AFE0B07806287AD2DFE800F00316293FE4
:1013A0005265D4F8B402406838B1207CD4F8B41245
:1013B0004A6869469047074605E031462046FFF7F0
:1013C00028FF681CC5B269E0D4F8B402806838B15F
:1013D000207CD4F8B4128A6869469047074605E035
:1013E00031462046FFF715FF681CC5B256E0D4F819
:1013F000B402C06850B1207CD4F8B412CA686946FF
:101400009047074608E04BE06CE059E03146204643
:10141000FFF7FFFE681CC5B240E0D4F8B4020069D3
:1014200038B1207CD4F8B4120A696946904707465F
:1014300005E031462046FFF7ECFE681CC5B22DE002
:10144000D4F8B402406938B1207CD4F8B4124A69A7
:1014500069469047074605E031462046FFF7D9FE2A
:10146000681CC5B21AE0D4F8B402806940B1207C8F
:10147000D4F8B4128A6969469047074606E006E048
:1014800031462046FFF7C5FE681CC5B206E031466E
:101490002046FFF7BEFE681CC5B200BF00BF28E0B3
:1014A000207C30B9D4F8B802416B684688470746BB
:1014B00005E031462046FFF7ACFE681CC5B218E0D7
:1014C000207C40B9D4F8B802016B684688470746CB
:1014D0000720787005E031462046FFF79AFE681C29
:1014E000C5B206E031462046FFF793FE681CC5B240
:1014F00000BF00BF05B1F8BDF088C0B1BDF8000065
:1015000080B1F088BDF80010884202DDBDF800000F
:1015100000E0F0880090BDF8002039462046FFF733
:10152000A8FE07E031462046FFF773FE02E02046A2
:10153000FFF7B1FE00BFDEE72DE9F84105460F4693
:101540002C462E464FF0000870883178884218DD0E
:10155000307800900FE06946204600F020F80446FD
:101560006078052807D1A04698F80200B84200D15B
:1015700006E04FF000087088BDF800108842EADCF1
:1015800000BF4046BDE8F881014600200A4602E05F
:10159000431CD8B2521C1378002BF9D1704710B5F8
:1015A000024610460B88047823440B800378981871
:1015B00010BD70B504460D4694F89C02012804D075
:1015C000022803D003281AD101E000BF00BFE88839
:1015D000022804D029462046FFF71BFE14E0012014
:1015E000E060D4F8A40218B1E06840F00200E060C6
:1015F000022204F10C012046FFF73BFE04E02946DD
:101600002046FFF706FE00BF00BF70BD2DE9F04188
:1016100007460D46904600240FB9BDE8F0813E46CE
:101620003046FFF7B1FF022101EB4000B0F5007F2B
:1016300001D9080204E03046FFF7A6FF4000801CF5
:10164000A8F8000098F800002855601CC4B20320D8
:101650002855601CC4B208E030782855761C601C00
:10166000C4B200202855601CC4B230780028F3D1E1
:1016700000BFD2E70146002031B1012906D002297E
:1016800006D0032908D105E0002007E0032005E08B
:10169000012003E0032001E0032000BF00BF7047EA
:1016A00070B505460C462DB92246064906A0FFF73F
:1016B000ADFF04E02246034903A0FFF7A7FF01485E
:1016C00070BD00005C6E002443444320436F6E668F
:1016D0006967000002461220088001487047000038
:1016E0006803002470B505460C462DB9224606490C
:1016F00006A0FFF78BFF04E02246034903A0FFF793
:1017000085FF014870BD00005C6E00244344432007
:10171000496E7465726661636500000002460420CC
:1017200008800148704700008803002470B5054612
:101730000C462246024903A0FFF768FF004870BD2F
:101740005C6E002453544D6963726F656C656374FD
:10175000726F6E696373000070B505460C462DB953
:101760002246064906A0FFF751FF04E0224603493E
:1017700003A0FFF74BFF014870BD00005C6E002422
:1017800053544D3332205669727475616C20436F27
:101790006D506F727400000070B505460C461A203B
:1017A0002080F1F729F9014870BD00008C03002466
:1017B0002DE9F04104460D46164614B90320BDE854
:1017C000F0810020C4F8B802C4F8C402C4F8D00202
:1017D0000DB1C4F8B452012084F89C022670204652
:1017E00000F056F907463846E9E72DE9F04104468E
:1017F0000D46002600272946D4F8C802F4F719FA46
:1018000006463046FFF736FF07463846BDE8F0810A
:101810002DE9F04104460D46002600272946D4F85C
:10182000C802F4F7D1F906463046FFF723FF074612
:101830003846BDE8F0812DE9F04705460F46914650
:10184000002F5AD105F11404D5F8940202284AD188
:10185000A1896068884213D9A1896068401A6060D4
:10186000A189206908442061284662682169FFF740
:10187000C4FC00231A461946284600F0BDF932E0A0
:10188000A0896168884217D1A1892068884213D352
:101890002068D5F8981288420ED2002211462846B8
:1018A000FFF7ABFC0020C5F8980200231A46194642
:1018B000284600F0A1F916E095F89C0203280BD108
:1018C000D5F8B802C06838B10020C5F8D402D5F800
:1018D000B802C168284688478021284600F04CFAA3
:1018E0002846FFF7B9FC95F8A00250B3284600F04F
:1018F000CAFA002085F8A00223E047F080012846BC
:10190000FFF769FC0646FF2E1BD0D6B995F89C025E
:10191000032816D105F52E7050F82600406980B1D5
:10192000C5F8D46205F52E7050F826003946426994
:10193000284690478046B8F1000F02D04046BDE8E7
:10194000F0870020FBE72DE9F04705460F4691465A
:101950004FF00008002F55D105F5AA76D5F894026E
:10196000032873D1B1897068884214D9B18970682D
:10197000401A7060B189306908443061B389706879
:10198000984201D9706800E0B08902462846316962
:10199000FFF727FC5AE095F8AA0200F01F0020B1DB
:1019A000012804D0022812D109E0002411E040F2FD
:1019B000AE20415D2846FFF711FC044609E040F2E5
:1019C000AE20415D2846FFF706FC044601E00024F6
:1019D00000BF00BF94B995F89C0203280ED105F50D
:1019E0002E7050F82400006940B1C5F8D44205F5C6
:1019F0002E7050F824000169284688472846FFF7D2
:101A00004AFC23E007F07F012846FFF7E4FB044689
:101A1000FF2C1BD0D4B995F89C02032810D105F5F2
:101A20002E7050F82400806950B1C5F8D44205F5F5
:101A30002E7050F824003946826928469047804627
:101A4000B8F1000F02D04046BDE8F0870020FBE768
:101A500001460020704770B504460025012084F837
:101A60009C02D4F8B80238B12179D4F8B80242689F
:101A70002046904700B10325284670BD70B5044646
:101A80000D462946D4F8C802F4F711F970BD0000DC
:101A900010B50446207801282CD11748C0F8E0443E
:101AA000C4F8C802154814490860092008710221C9
:101AB0001148C1710021817102214172002181729E
:101AC000C17201738173C1730174F4F77BFD08B1B6
:101AD000F0F7D4FD4FF400710748F3F7FAFF8022C6
:101AE00000210548F3F7FAFF4FF4BA7201210248CA
:101AF000F3F7F4FF002010BD9C8000240000044098
:101B000010B50246D2F8C83201F08000802809D111
:101B100001F07F0000EBC00403F1140000EB84002F
:101B2000807810BD01F07F0000EBC00403F5157054
:101B300000EB84008078F4E770B504460D4604F5A8
:101B40002E70D4F8D41250F8210008B9032070BDCB
:101B500094F89C02032811D104F52E70D4F8D41205
:101B600050F82100006A48B104F52E70D4F8D41260
:101B700050F821002946026A204690470020E6E7F7
:101B800070B504460D4604F52E70D4F8D41250F802
:101B9000210008B9032070BD94F89C02032811D1DC
:101BA00004F52E70D4F8D41250F82100406A48B1E0
:101BB00004F52E70D4F8D41250F821002946426A58
:101BC000204690470020E6E72DE9F04704460F46FF
:101BD00015461E464FF00008C1462B463246394690
:101BE000D4F8C802F4F76EF880464046FFF742FD8D
:101BF00081464846BDE8F0872DE9F04704460D468A
:101C000016461F464FF00008C1463B46324629465D
:101C1000D4F8C802F4F79DF880464046FFF72AFD45
:101C200081464846BDE8F08770B50446002501208E
:101C300084F89C020020C4F894026060C4F8A402F6
:101C400084F8A002D4F8B80258B1D4F8B8024068B9
:101C500038B12179D4F8B80242682046904700B1E3
:101C600003254023002211462046FFF7ADFF012146
:101C700040F2631001554021C01E01534023002251
:101C800080212046FFF7A0FF01212320015540219C
:101C90002184284670BD014691F89C02042803D196
:101CA00091F89D0281F89C020020704710B504460F
:101CB00094F89C0203280BD1D4F8B80240B1D4F8B0
:101CC000B802C06920B1D4F8B802C169204688477B
:101CD000002010BD02461174002070472DE9F0412C
:101CE00004460D46002600272946D4F8C802F4F71A
:101CF00077FD06463046FFF7BDFC07463846BDE88F
:101D0000F08170B504460D46294604F2AA2000F081
:101D10007BF80120C4F894024FF42C70005BC4F8E7
:101D2000980294F8AA0200F01F0020B1012809D0FF
:101D3000022815D10DE004F2AA21204600F088F90E
:101D4000064616E004F2AA21204600F01AFB0646D9
:101D50000FE004F2AA21204600F0D1F9064608E07F
:101D600094F8AA0200F08001204600F005F806462B
:101D700000BF00BF304670BD2DE9F04104460D465E
:101D8000002600272946D4F8C802F4F705F80646CD
:101D90003046FFF76FFC07463846BDE8F08170B566
:101DA000044600250026D4F8C802F4F73CFD054699
:101DB0002846FFF75FFC0646304670BD014691F8A5
:101DC0009C02042803D091F89C0281F89D02042013
:101DD00081F89C02002070472DE9F04704460D462B
:101DE00016461F464FF00008C1463B46324629467C
:101DF000D4F8C802F4F715F880464046FFF73AFCDD
:101E000081464846BDE8F08770B505460E46344623
:101E100020782870641C20786870641C2046FDF7C8
:101E2000C8FC6880641C641C2046FDF7C2FCA880C6
:101E3000641C641C2046FDF7BCFCE88070BD38B50E
:101E400004460D46002000900DB9032038BDC4F8AB
:101E5000B85204F52E70D4F8D41250F82100C06A9C
:101E600050B104F52E70D4F8D42250F82200C16A83
:101E700068468847C4F8D002D4F8D802401CC4F899
:101E8000D8020020E2E701460020704770B5044602
:101E90000D46A88810BBE88800BB688880281DD242
:101EA000A87800F07F0694F89C02032804D1294604
:101EB0002046FFF7AEF915E084F89E6231462046D1
:101EC000FFF70CFF2046FFF7E6F91EB1022084F869
:101ED0009C0207E0012084F89C0203E0294620468A
:101EE000FFF797F970BD70B504460D460026D4F88B
:101EF000B80230B1D4F8B8022946026820469047AB
:101F00000646304670BD000070B504460E460025FA
:101F1000B0783D49087008460078012805D9314657
:101F20002046FFF776F9032070BD94F89C02022842
:101F300002D0032859D11FE033480078C0B132489D
:101F400000786060304801782046FFF7CCFF0546F6
:101F50003DB131462046FFF75CF9022084F89C022F
:101F600009E02046FFF797F9032084F89C0202E07D
:101F70002046FFF790F943E02348007870B902202B
:101F800084F89C022048007860601F480178204651
:101F9000FFF7F4F82046FFF77EF925E01A490978A3
:101FA000606888421DD021792046FFF7E7F816487F
:101FB00000786060144801782046FFF794FF0546DA
:101FC0005DB131462046FFF724F921792046FFF71D
:101FD000D5F8022084F89C0206E02046FFF75BF962
:101FE00002E02046FFF757F90AE031462046FFF7A6
:101FF00010F9054801782046FFF7C0F8032500BF17
:1020000000BF284690E70000C403002470B50546D1
:102010000C466088012805D1C5F8A4022846FFF7C0
:102020003AF90EE06088022807D1A088001285F8EE
:10203000A0022846FFF72FF903E021462846FFF7C4
:10204000E8F870BD10B504462046FFF7A8FE10BDA5
:1020500070B504460D460026287800F0600088B16F
:10206000202802D0402842D100E000BF04F52E70A5
:10207000D4F8D41250F821002946826820469047AF
:10208000064639E068780A282AD2DFE800F01A24E8
:10209000291F290A0529150F29462046FFF733F97C
:1020A00023E029462046FFF7F1FE1EE029462046A0
:1020B000FFF72AFF064618E029462046FFF7F8F802
:1020C00013E029462046FFF774FA0EE02946204621
:1020D000FFF79CFF09E029462046FFF75DF804E082
:1020E00029462046FFF795F800BF00BF04E02946C7
:1020F0002046FFF78EF800BF00BF304670BD2DE9C7
:10210000F04705460F464FF000093C79387800F05B
:102110006000F8B1202802D040287DD100E000BF47
:1021200021462846FFF757F80646FF2E11D086B9FC
:10213000C5F8D46205F52E7050F82600806840B1CD
:1021400005F52E7050F826003946826828469047DB
:10215000814612E1787800287AD001282FD0032810
:102160006ED195F89C02022802D0032820D110E0FD
:1021700054B1802C08D021462846FFF7FDFD802170
:102180002846FFF7F9FD03E039462846FFF741F8F6
:1021900013E0788840B93CB1802C05D0F88818B994
:1021A00021462846FFF7E8FD2846FFF774F804E0CB
:1021B00039462846FFF72DF800BF00BFD6E095F856
:1021C0009C02022802D003283BD110E054B1802C9D
:1021D00008D021462846FFF7CFFD80212846FFF78B
:1021E000CBFD03E039462846FFF713F82EE0788848
:1021F00020BB04F07F0018B121462846FFF7F5FA0E
:102200002846FFF748F821462846FEF7E4FF064631
:10221000FF2E13D096B900E0AAE0C5F8D46205F508
:102220002E7050F82600806840B105F52E7050F8E9
:1022300026003946826828469047814606E007E036
:102240008FE039462846FEF7E4FF00BF00BF8DE06F
:1022500095F89C02022802D003287BD127E034B1F4
:10226000802C04D039462846FEF7D3FF77E004F0EF
:102270008000802808D104F07F0000EB800105F188
:10228000140000EB810007E004F07F0000EB800108
:1022900005F5AA7000EB81008046002088F80E004A
:1022A000022208F10E012846FEF7E3FF57E004F092
:1022B000800080280ED104F00F0000EB800105F1B2
:1022C000140000EB8100C07B98B939462846FEF720
:1022D000A0FF44E004F00F0000EB800105F5AA70B8
:1022E00000EB8100C07B20B939462846FEF791FFFC
:1022F00035E004F08000802808D104F07F0000EB76
:10230000800105F1140000EB810007E004F07F007C
:1023100000EB800105F5AA7000EB810080460CB14E
:10232000802C03D1002088F80E000CE021462846BE
:10233000FFF7E6FB20B1012088F80E0003E009E07A
:10234000002088F80E00022208F10E012846FEF750
:1023500090FF04E039462846FEF75BFF00BF00BF50
:1023600004E039462846FEF754FF00BF00BF04E0F2
:1023700039462846FEF74DFF00BF00BF4846BDE87E
:10238000F0872DE9F04105460E460027307800F031
:10239000600030B1202802D0402840D100E000BFCA
:1023A00000BF95F89C02012804D0022803D003281E
:1023B0002ED101E000BF00BF3079012823D8317948
:1023C0002846FEF70BFF0446FF2C14D09CB905F5F8
:1023D0002E7050F82400806858B1C5F8D44205F535
:1023E0002E7050F8240031468268284690470746F0
:1023F00002E0032700E00327F08840B93FB92846F0
:10240000FEF749FF03E031462846FEF702FF04E0ED
:1024100031462846FEF7FDFE00BF00BF04E031460E
:102420002846FEF7F6FE00BF00BF3846BDE8F08143
:102430007047000001460148704700008085002475
:1024400070B504460B4622461978587801282CD1DD
:1024500040F61C0080581D7805F00F060125B54098
:10246000ADB2284340F61C05A85002F5106000EB01
:102470004110006800F40040F0BB1889C0F30A0066
:102480001D7940EA854040EA815040F0805040F498
:10249000004002F5106505EB41152D68284302F553
:1024A000106505EB411528602DE040F61C008058B2
:1024B0001D7805F00F060125B540144E06EA0545C6
:1024C000284340F61C05A85002F5306000EB41108F
:1024D000006800F4004078B91889C0F30A001D793B
:1024E00040EA854040F0805040F4004002F53065FD
:1024F00005EB41152D6800E005E0284302F5306545
:1025000005EB41152860002070BD00000000FFFFB2
:1025100001460A464FF410608058C30ADB024FF4AC
:102520001060835040F60400805840F4807340F6F9
:1025300004008350002070470FB470B504469DF826
:102540001900012818D1A06B20F48030A063E06846
:1025500021490840E060E06820F44010E0609DF808
:102560002000012803D1E06840F48010E06020469C
:1025700000F036F8054613E0E06840F04000E06007
:10258000204600F02DF805469DF81D0020B9A06BEF
:1025900040F48030A06303E0A06B20F48030A0639F
:1025A0009DF81600012812D1E06D80B2E065E06D63
:1025B0000A490843E065A06820F01E00A060A068FA
:1025C00040F00600A060A06840F02000A06028460F
:1025D00070BC5DF814FB0000BFFFBDFF0000EE0300
:1025E00008B501460020009000BF0098401C0090F4
:1025F0000098B0F1706F01D9032008BD086900F0A0
:1026000000400028F1D00A20009002E00098401E0F
:10261000009000980028F9D1086940F00100086195
:1026200000BF0098401C00900098B0F1706F01D975
:102630000320E2E7086900F001000028F1D100BFA3
:10264000DBE7000070B504460B462246197858783F
:10265000012848D102F5106000EB4110006800F03D
:102660000040B0F1004F17D102F5106000EB4110AF
:10267000006840F0006502F5106000EB4110056055
:1026800002F5106000EB4110006840F0804502F553
:10269000106000EB4110056040F63C0080581D784A
:1026A00005F00F060125B540ADB2A84340F63C0544
:1026B000A85040F61C0080581D7805F00F06012533
:1026C000B540ADB2A84340F61C05A85002F5106015
:1026D00000EB411000682B4D284002F5106505EB1A
:1026E000411528604BE002F5306000EB41100068B6
:1026F00000F00040B0F1004F17D102F5306000EB60
:102700004110006840F0006502F5306000EB4110B8
:10271000056002F5306000EB4110006840F0804534
:1027200002F5306000EB4110056040F63C00805837
:102730001D7805F00F060125B540134E06EA054544
:10274000A84340F63C05A85040F61C008558187870
:1027500000F00F060120B0400B4E06EA0040854312
:1027600040F61C00855002F5306000EB4110006817
:10277000064D284002F5306505EB41152860002024
:1027800070BD0000007833EC0000FFFF0078F3EF2D
:1027900001460A46D2F8000E20F00300C2F8000EEF
:1027A00040F60400805820F0020340F604008350F5
:1027B0000020704701460A46D2F8000E20F00300C0
:1027C000C2F8000E40F60400805840F0020340F6C4
:1027D00004008350002070470FB4F0B50546002771
:1027E0002E46002405E0002105F5827040F82410F3
:1027F000641C0F2CF7D39DF82200A0B940F604000A
:10280000805940F0020140F604008151A86B20F489
:102810000010A863286840F040002860286840F055
:102820008000286003E0A86B40F40010A86300203B
:10283000C6F8000E9DF81D0001280CD19DF81B0064
:1028400020B90021284600F04EFD08E0012128466D
:1028500000F049FD03E00321284600F044FD10216B
:10286000284600F046FC00B10127284600F019FC7C
:1028700000B1012700214FF401608151001D8151F9
:1028800040F61C00815100242EE006F5106000EB9C
:102890004410006800F00040B0F1004F10D13CB986
:1028A0004FF0006106F5106000EB441001600DE090
:1028B0004FF0904106F5106000EB4410016005E018
:1028C000002106F5106000EB44100160002106F5C0
:1028D000106000EB441001614FF67F3106F5106087
:1028E00000EB44108160641C9DF81800A042CCD815
:1028F00000242EE006F5306000EB4410006800F084
:102900000040B0F1004F10D13CB94FF0006106F526
:10291000306000EB441001600DE04FF0904106F58F
:10292000306000EB4410016005E0002106F53060E6
:1029300000EB44100160002106F5306000EB44100C
:1029400001614FF67F3106F5306000EB4410816085
:10295000641C9DF81800A042CCD84FF40160805947
:1029600020F480714FF4016081510020A8616FF064
:10297000804068619DF81A0018B9A86940F01000FD
:10298000A861A8690A490843A8619DF81E0018B10A
:10299000A86940F00800A8619DF82200012803D131
:1029A000A86904490843A8613846F0BC5DF814FBE7
:1029B00000383C80040000400146886820F0010097
:1029C000886000207047000070B503460C46194629
:1029D0001D6C1848854209D94FF43060405800F00A
:1029E0000040B0F1004F01D1002070BD0026C1F8B9
:1029F000106BD1F8100B40F40026C1F8106BD1F821
:102A0000100B40F01806C1F8106BD1F8100B40F015
:102A1000C046C1F8106B012C09D1C1F8142B4FF43A
:102A20003060405840F080264FF43060465000201F
:102A3000DBE700000A30544F30B504460B4622460F
:102A40001978587801281ED102F5106000EB41106A
:102A5000006820F4001502F5106000EB41100560DD
:102A60001879032802D0187902282AD102F51060BB
:102A700000EB4110006840F0805502F5106000EB5B
:102A8000411005601DE002F5306000EB4110006868
:102A900020F4001502F5306000EB41100560187954
:102AA000032802D0187902280BD102F5306000EB20
:102AB0004110006840F0805502F5306000EB411095
:102AC0000560002030BD30B504460B46224619781B
:102AD0005878012821D102F5106000EB4110006800
:102AE00000F0004060B959B102F5106000EB4110F0
:102AF000006820F0804502F5106000EB4110056091
:102B000002F5106000EB4110006840F4001502F57A
:102B1000106000EB4110056020E002F5306000EB32
:102B20004110006800F0004060B959B102F5306012
:102B300000EB4110006820F0804502F5306000EBAA
:102B40004110056002F5306000EB4110006840F470
:102B5000001502F5306000EB41100560002030BD2B
:102B60002DE9F84381460E4690464D4634787078FC
:102B700001287DD1306920BB05F5106000EB4410C1
:102B80000069E649084005F5106101EB4411086150
:102B900005F5106000EB4410006940F4002105F5D4
:102BA000106000EB4410016105F5106000EB44106B
:102BB0000069C10CC90405F5106000EB4410016107
:102BC0006FE005F5106000EB44100069C10CC9040A
:102BD00005F5106000EB4410016105F5106000EB95
:102BE00044100069CD49084005F5106101EB44111E
:102BF000086194B9B1683069884201D9B068306120
:102C000005F5106000EB4410006940F4002105F563
:102C1000106000EB4410016135E0B1683069084490
:102C2000401EB0FBF1F087B205F5106000EB4410D8
:102C30000069BA49C94301EAC741084305F5106173
:102C400001EB44110861307901281CD105F51060B1
:102C500000EB4410006920F0C04105F5106000EB66
:102C60004410016105F5106000EB4410006900E0BC
:102C700099E04FF0C04101EA4771084305F5106142
:102C800001EB4411086105F5106000EB4410006988
:102C90003169C1F31201084305F5106101EB4411DC
:102CA0000861B8F1010F36D1F06928B105F510605F
:102CB00000EB4410F1694161307901281ED140F6E2
:102CC0000800405900F4807060B905F5106000EB11
:102CD0004410006840F0005105F5106000EB44100E
:102CE00001600BE005F5106000EB4410006840F057
:102CF000805105F5106000EB4410016005F510608F
:102D000000EB4410006840F0044105F5106000EB52
:102D100044100160FEE005F5106000EB441000680F
:102D200040F0044105F5106000EB4410016030797B
:102D300001280FD030690028ECD040F6340040590B
:102D4000317801F00F0201219140084340F634012F
:102D50004851DFE040F60800405900F4807060B947
:102D600005F5106000EB4410006840F0005105F5D7
:102D7000106000EB441001600BE005F5106000EB03
:102D80004410006840F0805105F5106000EB4410DD
:102D90000160CDF80080308A83B232784846F1680D
:102DA00000F01EFBB6E005F5306000EB4410006952
:102DB000C10CC90405F5306000EB4410016105F554
:102DC000306000EB441000695449084005F530615B
:102DD00001EB4411086104BB306908B1B06830618F
:102DE000B068306205F5306000EB44100069316A6C
:102DF000C1F31201084305F5306101EB441108618C
:102E000005F5306000EB4410006940F4002105F541
:102E1000306000EB4410016143E03069D0B905F542
:102E2000306000EB44100069B168C1F3120108433F
:102E300005F5306101EB4411086105F5306000EBE8
:102E40004410006940F4002105F5306000EB4410A7
:102E5000016126E0B16830690844401EB0FBF1F022
:102E600087B2B0687843306205F5306000EB4410FB
:102E700000692A49C94301EAC741084305F53061A1
:102E800001EB4411086105F5306000EB4410006966
:102E9000316AC1F31201084305F5306101EB4411B9
:102EA0000861B8F1010F07D1F06828B105F530606D
:102EB00000EB4410F1684161307901281ED140F6E1
:102EC0000800405900F4807060B905F5306000EBEF
:102ED0004410006840F0005105F5306000EB4410EC
:102EE00001600BE005F5306000EB4410006840F035
:102EF000805105F5306000EB4410016005F530604D
:102F000000EB4410006840F0044105F5306000EB30
:102F1000441001600020BDE8F8830000FFFF07E0D7
:102F2000FCB503460A4600250195002019469D6818
:102F3000C5F340145578012D34D1157801F510668C
:102F400006EB45152D6805F00045B5F1004F28D179
:102F5000157806EB45152D6845F00067157806EBEA
:102F600045152F60157806EB45152D6845F080470F
:102F7000157806EB45152F6000BF019D6D1C01956E
:102F8000019DB5F5702F01D901200AE0157801F5F2
:102F9000106606EB45152D6805F00045B5F1004FAC
:102FA000EBD076E09D6925F080059D615D6905F0B7
:102FB00080053DB940F604056D5845F4007640F6AD
:102FC00004056E5094B900BF019D6D1C0195019DD3
:102FD000B5F5702F01D9012004E05D6905F01005F9
:102FE000102DF1D100BF1D6A009500BF002501958D
:102FF00000BF019D6D1C0195019DB5F5702F01D994
:10300000012004E05D6905F08005802DF1D100BF4D
:10301000157801F5306606EB45152D6845F000671B
:10302000157806EB45152F60157806EB45152D68CC
:1030300045F08047157806EB45152F600025019572
:1030400000BF019D6D1C0195019DB5F5702F01D943
:10305000012009E0157801F5306606EB4515AD68ED
:1030600005F00205022DECD100BF157801F53066A0
:1030700006EB4515AD6845F00207157806EB4515DA
:10308000AF6040F604056D5845F4806640F60405CF
:103090006E50FCBD0146886840F001008860002049
:1030A000704708B501460020009000BF0098401C02
:1030B00000900098B0F1706F01D9032008BD086935
:1030C00000F000400028F1D000200090102008619E
:1030D00000BF0098401C00900098B0F1706F01D9BB
:1030E0000320EBE7086900F010001028F1D0002061
:1030F000E4E708B502460020009000BF0098401C9D
:1031000000900098B0F1706F01D9032008BD1069DC
:1031100000F000400028F1D000200090202040EA7C
:103120008110106100BF0098401C00900098B0F121
:10313000706F01D90320E9E7106900F02000202812
:10314000F1D00020E2E710B501460B4640F6080436
:10315000E45804F006020AB9002006E0022A01D071
:10316000062A01D1022000E00F2010BD0146486967
:1031700000F00100704701460B4640F61800C258A7
:10318000001DC058024090B2704701460B4640F601
:103190001800C258001DC0580240100C704770B58E
:1031A000024613464FF40166F45840F63406F558CB
:1031B00001F00F0625FA06F606F0010644EAC614E9
:1031C00003F5106606EB4116B66806EA040070BD0A
:1031D00010B50246134603F5306404EB4114A068B1
:1031E00040F61404E458204010BD014648698A693D
:1031F000104070472DE9F04104460D462746284609
:103200004FEA920C02F0030300210AE04FF48058C9
:1032100058F80780C0F80080401C401C401C401C2F
:10322000491C6145F2D39BB100214FF4805858F8F6
:10323000076000BF4FEAC10826FA08F880F800804E
:10324000491C401CA3F101081FFA88F3002BF1D19F
:10325000BDE8F08170B504460E460025E06820F018
:10326000C040E060012E10D1E06840F00050E06006
:1032700000BF0A20F1F7AAF90A352046FFF776FFCA
:10328000012815D0C82DF4D312E07EB9E06840F0D3
:103290008040E06000BF0A20F1F798F90A35204627
:1032A000FFF764FF20B1C82DF5D301E0012070BD08
:1032B000C82D01D10120FAE70020F8E710B5024639
:1032C0000B461146D1F8000820F4FE60C1F8000852
:1032D000D1F800084FF4FE6404EA03142043C1F857
:1032E0000008002010BD02461346D3F8000808432A
:1032F000C3F800080020704730B503461446022C7E
:1033000049D12D48814204D32C48814201D20F2259
:1033100045E02A48814204D32948814201D20E2245
:103320003DE02748814204D32648814201D20D2244
:1033300035E02448814204D32348814201D20C2243
:103340002DE02148814204D32048814201D20B2242
:1033500025E01E48814204D31D48814201D20A2241
:103360001DE01B48814204D31A48814201D2092240
:1033700015E01848814204D31748814201D208223F
:103380000DE01548814204D31448814201D207223E
:1033900005E0062203E00CB9092200E00922D86802
:1033A00020F47050D860D8684FF4705505EA822533
:1033B0002843D860002030BDC0ACD800C0E1E40094
:1033C0000024F40080730601A0491A01002D310188
:1033D00040A44C0100366E0120ABA6010048E80174
:1033E0002DE9F04304460D461E46DDF81CC0A046FC
:1033F0002946BCF1000F12D1F01C870800230CE015
:10340000D1F8009008F5805000EB0230C0F8009031
:10341000491C491C491C491C5B1CBB42F0D30020C1
:10342000BDE8F08310B518490888B2EE041ADFED44
:10343000170A9FED170A40F2CC62F021FBF75EF904
:10344000144880ED000A10494888B2EE041ADFEDF6
:103450000F0A9FED110A40F2CC62F021FBF74EF902
:103460000E4880ED000AF1EE0C0A0A4890ED000AC1
:103470000B48EFF7B2F8F1EE040A084890ED000AA5
:103480000848EFF7AAF810BD2402002400004842C3
:10349000000048C218030024000000001C030024A0
:1034A000C0680024186A002400BFFEE7F0B587B0AA
:1034B00004460D4616460027002027E045FA00F195
:1034C00001F0010109B1F02100E0C0214910C0F173
:1034D000070201AB995444FA00F101F0010109B16E
:1034E000F02100E0C0214910C0F10F0201AB995456
:1034F00046FA00F101F0010109B1F02100E0C0211C
:103500004910C0F1170201AB9954401C0828D5DBC3
:1035100000BF064890F881000128FAD164231822E0
:1035200001A90248F5F714FC07B0F0BD38060024E5
:1035300000B59248008830B100224FF4FA719048EB
:103540000068FBF791FA8D480088002842F0FE865B
:103550008C480088802801F0838403DC802882F076
:10356000F38600E004E18100794449688F4400005B
:10357000240400004E040000760400009E040000B5
:10358000DC040000080500003005000058050000BC
:1035900080050000A8050000D0050000F805000027
:1035A000240600004C060000740600009C06000083
:1035B000C8060000F00600001807000040070000E1
:1035C0006807000090070000B8070000E40700004B
:1035D0001C080000420800006A0800009208000071
:1035E000BE080000E60800000E09000036090000D1
:1035F0005E09000086090000AE090000DA0900003B
:10360000020A00002A0A0000520A00007E0A000096
:10361000A60A0000CE0A0000F60A00001E0B0000F9
:10362000460B00006E0B00009A0B0000C20B00005E
:10363000EA0B0000200C0000480C0000720C000097
:103640009C0C0000C40C0000EC0C0000160D0000E7
:10365000400D0000680D0000900D0000BA0D000044
:10366000E20D00000E0E0000360E0000600E00009D
:103670008C0E0000B40E0000DC0E0000040F0000F1
:103680002E0F0000560F0000800F0000A80F000052
:10369000D00F0000F80F00002C10000058100000A0
:1036A00080100000A8100000D0100000FC100000E6
:1036B000241100004C11000078110000A01100003E
:1036C000C8110000F41100001C1200004412000098
:1036D0006E12000098120000C0120000E8120000F4
:1036E000101300003A130000641300008C13000054
:1036F000B4130000DC130000061400003C140000AA
:103700006414000090140000B8140000E2140000DB
:103710000A150000341500005E1500008615000033
:10372000AE150000D8150000021600002A16000091
:10373000521600007C160000A4160000D0160000EF
:10374000F8160000221700004E1700007617000040
:103750009E170000C6170000F017000018180000A0
:103760005018000078180000A0180000C8180000C9
:103770008138802882F0E88506E0000036030024C6
:10378000400300243C030024810000BF79444968C1
:103790008F440000F81600002017000048170000B2
:1037A000701700009C170000C4170000EC17000001
:1037B0001818000040180000681800009418000055
:1037C000BC180000E41800000E19000038190000B1
:1037D0006019000088190000B0190000DA19000013
:1037E000101A0000381A0000601A0000881A000041
:1037F000B21A0000DA1A0000021B00002E1B0000A3
:10380000561B0000801B0000AA1B0000D21B0000FA
:10381000FA1B0000221C00004A1C0000721C000061
:103820009A1C0000C41C0000EE1C0000181D0000C3
:10383000401D00006A1D0000921D0000BA1D00001E
:10384000E21D0000181E0000441E0000701E000053
:10385000981E0000C01E0000E81E0000141F00009B
:103860003C1F0000641F00008C1F0000B81F0000F8
:10387000E01F000008200000302000005820000059
:1038800084200000AC200000D620000000210000B1
:10389000282100005021000078210000A021000014
:1038A000C8210000F0210000282200005222000060
:1038B0007C220000A4220000CE220000F62200009C
:1038C0001E230000462300006E2300009A23000000
:1038D000C6230000EE230000162400003E24000052
:1038E0006A24000092240000BA240000E4240000AE
:1038F0000C250000342500005C2500008425000014
:10390000B0250000D8250000022600003A2600005D
:10391000622600008A260000B2260000DA26000097
:10392000022700002A270000542700007E270000FD
:10393000A8270000D0270000FA2700002228000056
:103940004A280000722800009A280000C2280000BF
:10395000EE280000162900003E290000662900001C
:1039600092290000BA290000E22900000C2A000078
:10397000422A00006A2A0000922A0000BA2A0000A7
:10398000E62A0000102B00003A2B0000662B0000F6
:10399000902B000000221146F8480068FBF764F8FD
:1039A000F7480068B0F5FA7F07DB0020F4490860AB
:1039B000F4480088401CF349088002F0C6BC00228D
:1039C0001146EE480068FBF74FF8ED480068B0F587
:1039D0007A7F07DB0020EA490860EA480088401C3B
:1039E000E8490880E9E740F2EC520021E34800682A
:1039F000FBF73AF8E2480068FA2807DB0020E049C4
:103A00000860E0480088401CDE490880D5E7DE48B1
:103A1000008838B100224FF4FA71D8480068FBF7EB
:103A200023F8CAE740F2FB420021D4480068FBF7C4
:103A30001BF8D3480068FA2807DB0020D04908604B
:103A4000D0480088401CCF490880B6E740F26F425A
:103A50000021CA480068FBF707F8C948006840F62B
:103A6000C411884207DB0020C5490860C5480088AA
:103A7000401CC4490880A0E740F2BA320021BF4888
:103A80000068FAF7F1FFBE480068FA2807DB00205B
:103A9000BB490860BB480088401CBA4908808CE7D5
:103AA00040F2F3320021B5480068FAF7DDFFB44870
:103AB0000068FA2807DB0020B1490860B148008897
:103AC000401CB049088078E740F26F420021AB48C3
:103AD0000068FAF7C9FFAA480068FA2807DB002047
:103AE000A7490860A7480088401CA649088064E7E9
:103AF00040F2FB420021A1480068FAF7B5FFA04858
:103B00000068FA2807DB00209D4908609D4800886E
:103B1000401C9C49088050E740F2EC520021974835
:103B20000068FAF7A1FF96480068FA2807DB002032
:103B30009349086093480088401C924908803CE7FC
:103B400040F2FB4200218D480068FAF78DFF8C4857
:103B50000068FA2807DB0020894908608948008846
:103B6000401C8849088028E740F2EC520021834835
:103B70000068FAF779FF8248006840F6B831884259
:103B800007DB00207E4908607E480088401C7D4994
:103B9000088012E70022114678480068FAF764FFAF
:103BA00077480068B0F5FA7F07DB002074490860A9
:103BB00074480088401C73490880FEE640F6F612FF
:103BC00000216E480068FAF74FFF6D480068FA2838
:103BD00007DB00206A4908606A480088401C694980
:103BE0000880EAE640F27772002164480068FAF73C
:103BF0003BFF63480068FA2807DB00206049086043
:103C000060480088401C5F490880D6E640F2A76201
:103C100000215A480068FAF727FF5948006840F623
:103C2000C411884207DB00205549086055480088C8
:103C3000401C54490880C0E640F2EC5200214F4835
:103C40000068FAF711FF4E480068FA2807DB0020E9
:103C50004B4908604B480088401C4A490880ACE644
:103C600040F2A762002145480068FAF7FDFE44488B
:103C70000068FA2807DB00204149086041480088B5
:103C8000401C4049088098E640F2777200213B488A
:103C90000068FAF7E9FE3A480068FA2807DB0020D6
:103CA0003749086037480088401C3649088084E658
:103CB00040F2A762002131480068FAF7D5FE30488B
:103CC0000068FA2807DB00202D4908602D4800888D
:103CD000401C2C49088070E640F27772002127488A
:103CE0000068FAF7C1FE26480068FA2807DB0020C2
:103CF0002349086023480088401C224908805CE66C
:103D000040F2E77200211D480068FAF7ADFE1C483A
:103D10000068FA2807DB0020194908601948008864
:103D2000401C1849088048E64FF40E6200211348F1
:103D30000068FAF799FE1248006840F6B8318842E8
:103D400007DB00200E4908600E480088401C0D4922
:103D5000088032E60022114608480068FAF784FE1F
:103D600007480068FA2807DB002005490860054875
:103D70000088401C034908801FE60000400300241F
:103D8000440300243C03002436030024002211468F
:103D9000FC480068FAF768FEFB480068FA2807DB71
:103DA0000020F9490860F9480088401CF74908805C
:103DB00003E640F2EC520021F2480068FAF754FEA4
:103DC000F1480068FA2807DB0020EF490860EF4857
:103DD0000088401CED490880EFE540F2FB420021DD
:103DE000E8480068FAF740FEE7480068FA2807DB71
:103DF0000020E5490860E5480088401CE349088048
:103E0000DBE540F26F420021DE480068FAF72CFE45
:103E1000DD48006840F6C411884207DB0020DA491B
:103E20000860DA480088401CD8490880C5E540F29F
:103E3000BA320021D3480068FAF716FED24800686B
:103E4000FA2807DB0020D0490860D0480088401CD1
:103E5000CE490880B1E540F2F3320021C94800683C
:103E6000FAF702FEC8480068FA2807DB0020C649B6
:103E70000860C6480088401CC44908809DE540F29F
:103E80006F420021BF480068FAF7EEFDBE480068A7
:103E9000FA2807DB0020BC490860BC480088401CA9
:103EA000BA49088089E540F2FB420021B548006824
:103EB000FAF7DAFDB4480068FA2807DB0020B249B7
:103EC0000860B2480088401CB049088075E540F29F
:103ED000EC520021AB480068FAF7C6FDAA4800681A
:103EE000FA2807DB0020A8490860A8480088401C81
:103EF000A649088061E540F2FB420021A148006824
:103F0000FAF7B2FDA0480068FA2807DB00209E49B6
:103F100008609E480088401C9C4908804DE540F29E
:103F2000EC52002197480068FAF79EFD9648006819
:103F300040F6B831884207DB002093490860934877
:103F40000088401C9149088037E5002211468D48C1
:103F50000068FAF789FD8C480068B0F5FA7F07DB46
:103F600000208949086089480088401C87490880EA
:103F700023E540F6F612002182480068FAF774FD46
:103F800081480068FA2807DB00207F4908607F48E5
:103F90000088401C7D4908800FE540F277720021BF
:103FA00078480068FAF760FD77480068FA2807DB70
:103FB00000207549086075480088401C73490880D6
:103FC000FBE440F2A76200216E480068FAF74CFD5E
:103FD0006D48006840F6C411884207DB00206A493A
:103FE00008606A480088401C68490880E5E440F29F
:103FF000EC52002163480068FAF736FD6248006819
:10400000FA2807DB00206049086060480088401CEF
:104010005E490880D1E440F2A76200215948006857
:10402000FAF722FD58480068FA2807DB00205649B5
:10403000086056480088401C54490880BDE440F29E
:10404000777200214F480068FAF70EFD4E4800686D
:10405000FA2807DB00204C4908604C480088401CC7
:104060004A490880A9E440F2A76200214548006857
:10407000FAF7FAFC44480068FA2807DB00204249B6
:10408000086042480088401C4049088095E440F29E
:10409000777200213B480068FAF7E6FC3A4800686E
:1040A000FA2807DB00203849086038480088401C9F
:1040B0003649088081E440F2E77200213148006807
:1040C000FAF7D2FC30480068FA2807DB00202E49B6
:1040D00008602E480088401C2C4908806DE44FF48D
:1040E0000E62002127480068FAF7BEFC26480068E7
:1040F00040F6B831884207DB002023490860234896
:104100000088401C2149088057E4002211461D48C0
:104110000068FAF7A9FC1C480068B0F57A7F07DB55
:1041200000201949086019480088401C1749088078
:1041300043E40022114613480068FAF795FC124840
:104140000068B0F57A7F07DB00200F4908600F4850
:104150000088401C0D4908802FE44FF40E620021B6
:1041600008480068FAF780FC07480068B0F5E67F69
:1041700007DB00200449086004480088401C03490C
:1041800008801AE440030024440300243C03002474
:1041900040F6F6120021FE480068FAF765FCFD487B
:1041A0000068502807DB0020FA490860FA480088B8
:1041B000401CF949088015E44FF40E620021F448D0
:1041C0000068FAF751FCF3480068B0F5E67F07DBBA
:1041D0000020F0490860F0480088401CEE49088043
:1041E00014E440F2EC520021E9480068FAF73CFC84
:1041F000E8480068B0F57A7F07DB0020E5490860F1
:10420000E5480088401CE44908800AE440F2A762BF
:104210000021DF480068FAF727FCDE480068FA282A
:1042200007DB0020DB490860DB480088401CDA49D6
:1042300008800AE440F277720021D5480068FAF756
:1042400013FCD4480068FA2807DB0020D149086035
:10425000D1480088401CD04908800CE440F2E77245
:104260000021CB480068FAF7FFFBCA480068B0F5A8
:10427000FA7F07DB0020C7490860C7480088401C58
:10428000C54908800BE440F277720021C0480068FD
:10429000FAF7EAFBBF480068B0F5FA7F07DB0020B9
:1042A000BC490860BC480088401CBB4908800AE43F
:1042B00040F2E7720021B6480068FAF7D5FBB5482E
:1042C0000068FA2807DB0020B2490860B24800887D
:1042D000401CB14908800AE44FF40E620021AC484A
:1042E0000068FAF7C1FBAB480068FA2807DB00203A
:1042F000A8490860A8480088401CA74908800AE42B
:1043000040F6F6120021A2480068FAF7ADFBA1487A
:104310000068B0F5FA7F07DB00209E4908609E48E0
:104320000088401C9C49088009E440F6F6120021F0
:1043300097480068FAF798FB96480068002807DB62
:1043400000209449086094480088401C92490880E5
:1043500009E44FF40E6200218D480068FAF784FBEF
:104360008C48006840F6B831884207DB0020894954
:10437000086089480088401C8749088009E40022B9
:10438000114683480068FAF76FFB82480068B0F571
:10439000FA7F07DB00207F4908607F480088401CC7
:1043A0007D49088009E44FF40E62002178480068D6
:1043B000FAF75AFB77480068B0F5FA7F07DB002070
:1043C0007449086074480088401C7349088008E4F8
:1043D00040F2777200216E480068FAF745FB6D489D
:1043E000006840F2DC51884207DB00206949086020
:1043F00069480088401C6849088006E44FF40E6252
:10440000002163480068FAF72FFB62480068C8285B
:1044100007DB00205F4908605F480088401C5E4958
:10442000088008E44FF40E62002159480068FAF74A
:104430001BFB58480068322807DB002055490860FC
:1044400055480088401C5449088008E440F27772BF
:1044500000214F480068FAF707FB4E480068FA2829
:1044600007DB00204B4908604B480088401C4A4944
:10447000088008E440F2A762002145480068FAF786
:10448000F3FA44480068B0F5E67F07DB00204149B5
:10449000086041480088401C3F49088007E440F21A
:1044A000777200213A480068FAF7DEFA3948006866
:1044B000642807DB00203749086037480088401C23
:1044C0003549088007E440F2A762002130480068BF
:1044D000FAF7CAFA2F480068B0F5E67F07DB00203C
:1044E0002C4908602C480088401C2B49088006E4B1
:1044F00040F2EC52002126480068FAF7B5FA254848
:104500000068FA2807DB002022490860224800885A
:10451000401C2149088006E44FF4B36200211C4886
:104520000068FAF7A1FA1B480068FA2807DB0020A8
:104530001849086018480088401C1749088008E49A
:1045400040F2EC52002112480068FAF78DFA114847
:104550000068FA2807DB00200E4908600E48008832
:10456000401C0D49088007E440F2A762002108487A
:104570000068FAF779FA07480068FA2807DB002094
:104580000449086004480088401C034908800FE47F
:1045900040030024440300243C03002440F2EC5276
:1045A0000021FE480068FAF75FFAFD48006840F60F
:1045B000B831884207DB0020F9490860F9480088D3
:1045C000401CF849088007E400221146F3480068BF
:1045D000FAF74AFAF2480068B0F5FA7F07DB0020E4
:1045E000EF490860EF480088401CEE49088007E466
:1045F00040F2EC520021E9480068FAF735FAE84841
:104600000068FA2807DB0020E5490860E5480088D3
:10461000401CE449088009E440F2FB420021DF48E5
:104620000068FAF721FADE480068FA2807DB002064
:10463000DB490860DB480088401CDA49088009E44F
:1046400040F26F420021D5480068FAF70DFAD448CD
:10465000006840F2DC51884207DB0020D049086046
:10466000D0480088401CCF49088007E440F2FB4254
:104670000021CA480068FAF7F7F9C9480068FA2823
:1046800007DB0020C6490860C6480088401CC549B1
:10469000088007E440F2EC520021C0480068FAF7B5
:1046A000E3F9BF480068FA2807DB0020BC4908602E
:1046B000BC480088401CBB49088007E440F2A76260
:1046C0000021B6480068FAF7CFF9B548006840F213
:1046D000DC51884207DB0020B1490860B1480088FE
:1046E000401CB049088005E440F277720021AB48D5
:1046F0000068FAF7B9F9AA480068FA2807DB002031
:10470000A7490860A7480088401CA649088005E41E
:1047100040F2A7620021A1480068FAF7A5F9A04875
:104720000068FA2807DB00209D4908609D48008842
:10473000401C9C49088007E440F2EC520021974855
:104740000068FAF791F99648006840F2DC51884217
:1047500007DB00209249086092480088401C91497C
:10476000088005E440F2A76200218C480068FAF74F
:104770007BF98B480068FA2807DB0020884908602D
:1047800088480088401C8749088005E440F2EC52C4
:10479000002182480068FAF767F981480068FA2822
:1047A00007DB00207E4908607E480088401C7D4968
:1047B000088005E44FF40E62002178480068FAF79B
:1047C00053F977480068B0F5FA6F07DB00207449A9
:1047D000086074480088401C7249088006E440F272
:1047E000E77200216D480068FAF73EF96C480068EE
:1047F000B0F5E67F07DB002069490860694800885A
:10480000401C6849088005E44FF40E6200216348AB
:104810000068FAF729F962480068642807DB00207D
:104820005F4908605F480088401C5E49088005E4D5
:1048300040F2E772002159480068FAF715F9584824
:104840000068DC2807DB00205549086055480088CF
:10485000401C5449088005E44FF40E6200214F4883
:104860000068FAF701F94E480068FA2807DB0020D3
:104870004B4908604B480088401C4A49088005E4C1
:1048800040F6F612002145480068FAF7EDF8444872
:104890000068B0F5FA7F07DB002041490860414815
:1048A0000088401C3F49088004E440F2E772002180
:1048B0003A480068FAF7D8F839480068B0F57A7FC6
:1048C00007DB00203649086036480088401C35491F
:1048D000088019E440F6F612002130480068FAF723
:1048E000C3F82F480068FA2807DB00202C4908602D
:1048F0002C480088401C2B49088005E440F6D5323E
:10490000002126480068FAF7AFF825480068DC283F
:1049100007DB00202249086022480088401C21490A
:10492000088005E440F6485200211C480068FAF768
:104930009BF81B4800688C2807DB0020184908609A
:1049400018480088401C1749088005E440F6D53215
:10495000002112480068FAF787F811480068B0F59E
:10496000E67F07DB00200E4908600E480088401CE7
:104970000C49088005E440F277720021074800687E
:10498000FAF772F806480068FA280EDB002004499E
:10499000086004480088401C024905E040030024E8
:1049A000440300243C030024088004E440F2E7723E
:1049B0000021FE480068FAF757F8FD480068FA2819
:1049C00007DB0020FA490860FA480088401CF949D2
:1049D000088005E44FF40E620021F4480068FAF7FD
:1049E00043F8F348006840F6B831884207DB0020FE
:1049F000EF490860EF480088401CEE49088004E455
:104A000000221146E9480068FAF72EF8E8480068E5
:104A1000B0F57A7F07DB0020E5490860E5480088AB
:104A2000401CE449088004E44FF40E620021DF4892
:104A30000068FAF719F8DE480068B0F5E67F07DB92
:104A40000020DB490860DB480088401CD949088009
:104A500018E440F6F6120021D4480068FAF704F88A
:104A6000D3480068502807DB0020D1490860D148AE
:104A70000088401CCF49088004E44FF40E620021F6
:104A8000CA480068F9F7F0FFC9480068B0F5E67F4A
:104A900007DB0020C6490860C6480088401CC5499D
:104AA000088004E440F2EC520021C0480068F9F7A5
:104AB000DBFFBF480068B0F57A7F07DB0020BC4908
:104AC0000860BC480088401CBA49088017E440F2DE
:104AD000A7620021B5480068F9F7C6FFB44800682E
:104AE000FA2807DB0020B2490860B2480088401C61
:104AF000B049088018E440F277720021AB480068A2
:104B0000F9F7B2FFAA480068FA2807DB0020A84995
:104B10000860A8480088401CA649088004E440F2C8
:104B2000E7720021A1480068F9F79EFFA0480068DD
:104B3000B0F5FA7F07DB00209D4908609D4800889A
:104B4000401C9C49088019E440F277720021974884
:104B50000068F9F789FF96480068B0F5FA7F07DB2F
:104B600000209349086093480088401C91490880C0
:104B700004E440F2E77200218C480068F9F774FF02
:104B80008B480068FA2807DB0020894908608948BB
:104B90000088401C8749088004E44FF40E6200211D
:104BA00082480068F9F760FF81480068FA2807DB4F
:104BB00000207F4908607F480088401C7D490880AC
:104BC00005E440F6F612002178480068F9F74CFF3A
:104BD00077480068B0F5FA7F07DB00207449086069
:104BE00074480088401C7349088006E440F6F612B9
:104BF00000216E480068F9F737FF6D48006800280B
:104C000007DB00206A4908606A480088401C69493F
:104C1000088006E44FF40E62002164480068F9F74A
:104C200023FF6348006840F6B831884207DB002064
:104C30005F4908605F480088401C5E49088004E4C2
:104C40000022114659480068F9F70EFF58480068DD
:104C5000B0F5FA7F07DB0020554908605548008809
:104C6000401C5449088004E44FF40E6200214F4870
:104C70000068F9F7F9FE4E480068B0F5FA7F07DBE7
:104C800000204B4908604B480088401C4949088077
:104C900004E440F27772002144480068F9F7E4FE2A
:104CA0004348006840F2DC51884207DB002040495D
:104CB000086040480088401C3E49088017E44FF4D3
:104CC0000E62002139480068F9F7CEFE38480068C6
:104CD000C82807DB00203649086036480088401C99
:104CE0003449088017E44FF40E6200212F48006811
:104CF000F9F7BAFE2E480068322807DB00202C495D
:104D000008602C480088401C2A49088017E440F2BB
:104D10007772002125480068F9F7A6FE244800684C
:104D2000FA2807DB00202249086022480088401C3E
:104D30002049088017E440F2A76200211B48006860
:104D4000F9F792FE1A480068B0F5E67F07DB00200D
:104D50001749086017480088401C1649088016E467
:104D600040F27772002111480068F9F77DFE104883
:104D70000068642807DB00200D4908600D480088A2
:104D8000401C0C4908801EE440F2A762002107483D
:104D90000068F9F769FE06480068B0F5E67F0EDBAB
:104DA0000020034908600348008805E04003002410
:104DB000440300243C030024401CF749088016E407
:104DC00040F2EC520021F5480068F9F74DFEF44836
:104DD0000068FA2807DB0020F1490860EE480088E7
:104DE000401CED49088016E44FF4B3620021EB4803
:104DF0000068F9F739FEEA480068FA2807DB002066
:104E0000E7490860E4480088401CE349088016E44C
:104E100040F2EC520021E1480068F9F725FEE04835
:104E20000068FA2807DB0020DD490860DA480088BE
:104E3000401CD949088018E440F2A7620021D748F5
:104E40000068F9F711FED6480068FA2807DB002051
:104E5000D3490860D0480088401CCF49088004E44A
:104E600040F2EC520021CD480068F9F7FDFDCC4836
:104E7000006840F6B831884207DB0020C849086066
:104E8000C5480088401CC449088016E40022114629
:104E9000C2480068F9F7E8FDC1480068B0F5FA7F3C
:104EA00007DB0020BE490860BB480088401CBA49A7
:104EB000088018E440F2EC520021B8480068F9F785
:104EC000D3FDB7480068FA2807DB0020B449086022
:104ED000B1480088401CB049088004E440F2FB421D
:104EE0000021AE480068F9F7BFFDAD480068FA2818
:104EF00007DB0020AA490860A7480088401CA64993
:104F0000088004E440F26F420021A4480068F9F7E9
:104F1000ABFDA348006840F2DC51884207DB00206B
:104F20009F4908609C480088401C9B49088018E401
:104F300040F2FB42002199480068F9F795FD984836
:104F40000068FA2807DB002095490860924800882D
:104F5000401C9149088004E440F2EC5200218F4843
:104F60000068F9F781FD8E480068FA2807DB002009
:104F70008B49086088480088401C8749088004E401
:104F800040F2A762002185480068F9F76DFD84486A
:104F9000006840F2DC51884207DB0020804908604D
:104FA0007D480088401C7C49088017E440F27772F5
:104FB00000217A480068F9F757FD79480068FA2817
:104FC00007DB00207649086073480088401C72495E
:104FD000088018E440F2A762002170480068F9F7E1
:104FE00043FD6F480068FA2807DB00206C49086021
:104FF00069480088401C6849088004E440F2EC528B
:10500000002166480068F9F72FFD6548006840F206
:10501000DC51884207DB0020614908605E48008857
:10502000401C5D49088016E440F2A76200215B48FD
:105030000068F9F719FD5A480068FA2807DB0020D4
:105040005749086054480088401C5349088016E4BA
:1050500040F2EC52002151480068F9F705FD504834
:105060000068FA2807DB00204D4908604A4800889C
:10507000401C4949088017E44FF40E62002147485C
:105080000068F9F7F1FC46480068B0F5FA6F07DBF5
:1050900000204349086040480088401C3E49088081
:1050A00017E440F2E77200213C480068F9F7DCFCA5
:1050B0003B480068B0F5E67F07DB00203849086010
:1050C00035480088401C3449088016E44FF40E62CD
:1050D000002132480068F9F7C7FC314800686428AD
:1050E00007DB00202E4908602B480088401C2A4915
:1050F000088016E440F2E772002128480068F9F7BA
:10510000B3FC27480068DC2807DB0020244908603E
:1051100021480088401C2049088016E44FF40E62A4
:1051200000211E480068F9F79FFC1D480068FA2816
:1051300007DB00201A49086017480088401C164900
:10514000088017E440F6F612002114480068F9F7C9
:105150008BFC13480068B0F5FA7F07DB002010498C
:1051600008600D480088401C0B4908801DE440F28F
:10517000E772002109480068F9F776FC08480068E2
:10518000B0F57A7F07DB00200549086002480088F7
:10519000401C0149088008E43C030024400300242B
:1051A0004403002440F6F6120021FD480068F9F798
:1051B0005BFCFC480068FA2807DB0020F94908601E
:1051C000F9480088401CF849088018E440F6D532B8
:1051D0000021F3480068F9F747FCF2480068DC2832
:1051E00007DB0020EF490860EF480088401CEE49CB
:1051F000088004E440F648520021E9480068F9F7C5
:1052000033FCE84800688C2807DB0020E54908608B
:10521000E5480088401CE449088004E440F6D532A3
:105220000021DF480068F9F71FFCDE480068B0F590
:10523000E67F07DB0020DB490860DB480088401C74
:10524000D949088004E440F277720021D44800680C
:10525000F9F70AFCD3480068FA2807DB0020D14997
:105260000860D1480088401CCF49088004E440F21F
:10527000E7720021CA480068F9F7F6FBC9480068E0
:10528000FA2807DB0020C7490860C7480088401C8F
:10529000C549088005E44FF40E620021C04800684B
:1052A000F9F7E2FBBF48006840F6B831884207DBF7
:1052B0000020BC490860BC480088401CBA490880EE
:1052C00004E400221146B6480068F9F7CDFBB54862
:1052D0000068B0F57A7F07DB0020B2490860B24869
:1052E0000088401CB049088004E44FF40E6200219D
:1052F000AB480068F9F7B8FBAA480068B0F5FA7F38
:1053000007DB0020A7490860A7480088401CA64981
:10531000088018E440F26F420021A1480068F9F7C4
:10532000A3FBA0480068B0F57A7F07DB00209D4909
:1053300008609D480088401C9B49088018E440F2A2
:10534000FB42002196480068F9F78EFB95480068FB
:10535000FA2807DB00209349086093480088401C26
:105360009149088004E440F26F4200218C480068B3
:10537000F9F77AFB8B480068FA2807DB0020894997
:10538000086089480088401C8749088004E440F28E
:10539000EC52002182480068F9F766FB81480068FA
:1053A000FA2807DB00207F4908607F480088401CFE
:1053B0007D49088004E440F2FB42002178480068FF
:1053C000F9F752FB77480068FA2807DB0020754997
:1053D000086075480088401C7349088005E440F265
:1053E000EC5200216E480068F9F73EFB6D480068FA
:1053F000FA2807DB00206B4908606B480088401CD6
:105400006949088005E440F2FB42002164480068D5
:10541000F9F72AFB63480068FA2807DB0020614996
:10542000086061480088401C5F49088007E440F23A
:105430006F4200215A480068F9F716FB5948006886
:10544000B0F57A7F07DB002056490860564800888F
:10545000401C5549088006E440F2FB4200215048B8
:105460000068F9F701FB4F480068B0F5FA7F07DBE9
:1054700000204C4908604C480088401C4A4908807C
:1054800006E440F2A762002145480068F9F7ECFA0B
:1054900044480068B0F5E67F07DB0020414908601A
:1054A00041480088401C4049088007E440F2777278
:1054B00000213B480068F9F7D7FA3A4800686428A9
:1054C00007DB00203749086037480088401C364910
:1054D000088007E440F2A762002131480068F9F72C
:1054E000C3FA30480068B0F5E67F07DB00202D499D
:1054F00008602D480088401C2B49088006E440F2D3
:10550000EC52002126480068F9F7AEFA25480068F9
:10551000FA2807DB00202349086023480088401C44
:105520002149088006E440F2FB4200211C48006843
:10553000F9F79AFA1B480068FA2807DB0020194996
:10554000086019480088401C1749088007E440F2A9
:10555000EC52002112480068F9F786FA11480068F9
:10556000FA2807DB00200F4908600F480088401C1C
:105570000D49088007E440F2A7620021084800684E
:10558000F9F772FA07480068FA2807DB0020054996
:10559000086005480088401C034908800FE40000AB
:1055A00040030024440300243C03002440F2EC5256
:1055B0000021FE480068F9F757FAFD48006840F2FC
:1055C000DC51884207DB0020F9490860F94800886F
:1055D000401CF849088006E440F2EC520021F348F0
:1055E0000068F9F741FAF248006840F2DC5188425D
:1055F00007DB0020EE490860EE480088401CED49BA
:10560000088004E440F277720021E8480068F9F766
:105610002BFAE7480068FA2807DB0020E449086015
:10562000E4480088401CE349088004E44FF40E621B
:105630000021DE480068F9F717FADD480068FA280B
:1056400007DB0020DA490860DA480088401CD949A5
:10565000088004E440F6F6120021D4480068F9F707
:1056600003FAD3480068FA2807DB0020D049086015
:10567000D0480088401CCF49088006E44FF40E62F1
:105680000021CA480068F9F7EFF9C948006840F2FC
:10569000E241884207DB0020C5490860C548008810
:1056A000401CC449088004E440F277720021BF48DE
:1056B0000068F9F7D9F9BE480068FA2807DB00202E
:1056C000BB490860BB480088401CBA49088004E414
:1056D0004FF40E620021B5480068F9F7C5F9B448E7
:1056E0000068FA2807DB0020B1490860B14800884B
:1056F000401CB049088004E440F6F6120021AB4893
:105700000068F9F7B1F9AA480068FA2807DB002019
:10571000A7490860A7480088401CA649088006E4FD
:105720004FF40E620021A1480068F9F79DF9A048E6
:10573000006840F2EE21884207DB00209C490860A7
:105740009C480088401C9B49088004E440F2FB42CE
:10575000002196480068F9F787F995480068FA280B
:1057600007DB00209249086092480088401C91495C
:10577000088004E440F26F4200218C480068F9F789
:1057800073F98B480068FA2807DB00208849086015
:1057900088480088401C8749088006E440F2EC52A3
:1057A000002182480068F9F75FF981480068FA280B
:1057B00007DB00207E4908607E480088401C7D4948
:1057C000088006E440F2A762002178480068F9F7F3
:1057D0004BF977480068FA2807DB00207449086015
:1057E00074480088401C7349088006E440F2EC527B
:1057F00000216E480068F9F737F96D48006840F6F7
:10580000AC51884207DB002069490860694800887C
:10581000401C6849088006E400221146634800687D
:10582000F9F722F962480068B0F57A7F07DB0020BB
:105830005F4908605F480088401C5E49088006E4B4
:105840004FF40E62002159480068F9F70DF95848E5
:105850000068B0F5FA7F07DB00205549086055481D
:105860000088401C5349088005E440F26F42002143
:105870004E480068F9F7F8F84D480068B0F57A7FAF
:1058800007DB00204A4908604A480088401C494913
:10589000088005E440F2FB42002144480068F9F723
:1058A000E3F843480068FA2807DB00204049086015
:1058B00040480088401C3F49088006E440F26F429F
:1058C00000213A480068F9F7CFF839480068FA280B
:1058D00007DB00203649086036480088401C3549FF
:1058E000088006E440F2EC52002130480068F9F7E5
:1058F000BBF82F480068FA2807DB00202C49086015
:105900002C480088401C2B49088006E440F2FB42EA
:10591000002126480068F9F7A7F825480068FA280A
:1059200007DB00202249086022480088401C2149EA
:10593000088006E440F2EC5200211C480068F9F7A8
:1059400093F81B480068FA2807DB00201849086014
:1059500018480088401C1749088007E440F2FB42C1
:10596000002112480068F9F77FF811480068FA280A
:1059700007DB00200E4908600E480088401C0D49D6
:10598000088008E440F26F42002108480068F9F7F7
:105990006BF807480068B0F57A7F0EDB00200449F9
:1059A000086004480088401C024905E040030024C8
:1059B000440300243C030024088006E440F2FB4238
:1059C0000021FE480068F9F74FF8FD480068B0F57F
:1059D000FA7F07DB0020FA490860FA480088401C7B
:1059E000F849088005E440F2A7620021F348006806
:1059F000F9F73AF8F2480068B0F5E67F07DB0020D7
:105A0000EF490860EF480088401CEE49088004E434
:105A100040F277720021E9480068F9F725F8E84874
:105A20000068642807DB0020E5490860E548008835
:105A3000401CE449088005E240F2A7620021DF48EB
:105A40000068F9F711F8DE480068B0F5E67F07DB7B
:105A50000020DB490860DB480088401CD9490880E9
:105A6000F0E140F2EC520021D4480068F8F7FCFF66
:105A7000D3480068FA2807DB0020D1490860D148E4
:105A80000088401CCF490880DCE140F2FB42002145
:105A9000CA480068F8F7E8FFC9480068FA2807DB39
:105AA0000020C7490860C7480088401CC5490880D5
:105AB000C8E140F2EC520021C0480068F8F7D4FF7A
:105AC000BF480068FA2807DB0020BD490860BD48D0
:105AD0000088401CBB490880B4E140F2A762002165
:105AE000B6480068F8F7C0FFB5480068FA2807DB39
:105AF0000020B3490860B3480088401CB1490880C1
:105B0000A0E140F2EC520021AC480068F8F7ACFF8D
:105B1000AB48006840F2DC51884207DB0020A8490E
:105B20000860A8480088401CA64908808AE140F225
:105B3000EC520021A1480068F8F796FFA0480068E1
:105B400040F2DC51884207DB00209D4908609D48F7
:105B50000088401C9B490880F7E340F277720021DF
:105B600096480068F8F780FF95480068FA2807DB38
:105B700000209349086093480088401C91490880A0
:105B8000E3E34FF40E6200218C480068F8F76CFFE5
:105B90008B480068FA2807DB00208949086089489B
:105BA0000088401C87490880CFE340F6F6120021A8
:105BB00082480068F8F758FF81480068FA2807DB38
:105BC00000207F4908607F480088401C7D4908808C
:105BD000BBE34FF40E62002178480068F8F744FFF9
:105BE0007748006840F2E241884207DB00207449B0
:105BF000086074480088401C72490880A5E340F2A0
:105C0000EC5200216D480068F8F72EFF6C480068E0
:105C1000FA2807DB00206A4908606A480088401CAF
:105C20006849088091E340F2A76200216348006858
:105C3000F8F71AFF62480068FA2807DB002060497D
:105C4000086060480088401C5E4908807DE340F29F
:105C5000EC52002159480068F8F706FF58480068E0
:105C6000B0F57A7F07DB0020554908605548008869
:105C7000401C5449088068E340F2FB4200214F4831
:105C80000068F8F7F1FE4E480068FA2807DB0020AC
:105C90004B4908604B480088401C4A49088054E33F
:105CA00040F26F42002145480068F8F7DDFE4448A5
:105CB0000068FA2807DB0020414908604148008855
:105CC000401C4049088040E340F2EC5200213B4830
:105CD0000068F8F7C9FE3A480068FA2807DB002098
:105CE0003749086037480088401C364908802CE353
:105CF00040F2A762002131480068F8F7B5FE30484D
:105D00000068FA2807DB00202D4908602D4800882C
:105D1000401C2C49088018E340F2EC52002127482F
:105D20000068F8F7A1FE2648006840F6AC518842AA
:105D300007DB00202249086022480088401C2149D6
:105D4000088002E34FF40E6200211C480068F8F757
:105D50008BFE1B480068002807DB002018490860FC
:105D600018480088401C17490880EEE24FF40E6284
:105D7000002112480068F8F777FE11480068B0F576
:105D8000FA7F07DB00200E4908600E480088401C9F
:105D90000C490880D9E240F26F42002107480068B0
:105DA000F8F762FE06480068B0F57A7F0EDB002047
:105DB0000349086003480088401C05E040030024B4
:105DC000440300243C030024FE490880BDE240F265
:105DD000FB420021FC480068F8F746FEFB480068DB
:105DE000FA2807DB0020F9490860F6480088401CC3
:105DF000F4490880A9E240F26F420021F2480068AD
:105E0000F8F732FEF1480068FA2807DB0020EF4976
:105E10000860EC480088401CEA49088095E240F29E
:105E2000EC520021E8480068F8F71EFEE7480068D9
:105E3000FA2807DB0020E5490860E2480088401C9A
:105E4000E049088081E240F2FB420021DE48006820
:105E5000F8F70AFEDD480068FA2807DB0020DB4976
:105E60000860D8480088401CD64908806DE240F29E
:105E7000EC520021D4480068F8F7F6FDD3480068DA
:105E8000FA2807DB0020D1490860CE480088401C72
:105E9000CC49088059E240F2FB420021CA48006820
:105EA000F8F7E2FDC9480068FA2807DB0020C74977
:105EB0000860C4480088401CC249088045E240F29E
:105EC0006F420021C0480068F8F7CEFDBF48006867
:105ED000B0F57A7F07DB0020BC490860B94800882C
:105EE000401CB849088030E240F2FB420021B6482D
:105EF0000068F8F7B9FDB5480068B0F5FA7F07DB30
:105F00000020B2490860AF480088401CAD490880B5
:105F10001BE240F2A7620021AB480068F8F7A4FD3D
:105F2000AA480068B0F5E67F07DB0020A7490860B3
:105F3000A4480088401CA349088006E240F277721A
:105F40000021A1480068F8F78FFDA0480068642888
:105F500007DB00209D4908609A480088401C994949
:105F60000880F2E140F2A762002197480068F8F744
:105F70007BFD96480068B0F5E67F07DB002093497B
:105F8000086090480088401C8E490880DDE140F29E
:105F9000EC5200218C480068F8F766FD8B480068D9
:105FA000FA2807DB00208949086086480088401CE1
:105FB00084490880C9E140F2FB4200218248006820
:105FC000F8F752FD81480068FA2807DB00207F4976
:105FD00008607C480088401C7A490880B5E140F29E
:105FE000EC52002178480068F8F73EFD77480068D9
:105FF000FA2807DB00207549086072480088401CB9
:1060000070490880A1E140F2A76200216E48006853
:10601000F8F72AFD6D480068FA2807DB00206B4975
:10602000086068480088401C664908808DE140F29D
:10603000EC52002164480068F8F716FD63480068D8
:10604000002807DB0020614908605E480088401C8A
:106050005C49088079E140F2EC5200215A4800681E
:10606000F8F702FD5948006840F2DC51884207DB2E
:1060700000205649086053480088401C5149088058
:1060800063E140F2777200214F480068F8F7ECFCBA
:106090004E480068FA2807DB00204C490860494850
:1060A0000088401C474908804FE14FF40E620021F0
:1060B00045480068F8F7D8FC44480068FA2807DB30
:1060C0000020424908603F480088401C3D49088044
:1060D0003BE140F6F61200213B480068F8F7C4FCAB
:1060E0003A480068FA2807DB00203849086035483C
:1060F0000088401C3349088027E14FF40E620021DC
:1061000031480068F8F7B0FC3048006840F2E241DE
:10611000884207DB00202D4908602A480088401C7F
:106120002849088011E140F2EC520021264800681D
:10613000F8F79AFC25480068FA2807DB0020234975
:10614000086020480088401C1E490880FDE040F29D
:10615000A76200211C480068F8F786FC1B4800680D
:10616000FA2807DB00201949086016480088401CFF
:1061700014490880E9E040F2EC520021124800681E
:10618000F8F772FC11480068B0F57A7F07DB002051
:106190000E4908600B480088401C0A490880D4E07A
:1061A00040F2FB42002108480068F8F75DFC074810
:1061B0000068FA280EDB00200449086001480088C6
:1061C000401C05E03C030024400300244403002459
:1061D0005F490880B9E040F26F4200215D480068E5
:1061E000F8F742FC5C480068FA2807DB00205A49AF
:1061F000086057480088401C55490880A5E040F2D7
:10620000EC52002153480068F8F72EFC5248006811
:10621000FA2807DB0020504908604D480088401CE0
:106220004B49088091E040F2A7620021494800688C
:10623000F8F71AFC48480068FA2807DB00204649AE
:10624000086043480088401C414908807DE040F2D6
:10625000EC5200213F480068F8F706FC3E48006811
:1062600040F6AC51884207DB00203B4908603848C3
:106270000088401C3649088067E0002211463548F6
:106280000068F8F7F1FB3448006840F2E2418842C8
:1062900007DB0020304908602D480088401C2C494D
:1062A000088052E040F2EC5200212A480068F8F7DA
:1062B000DBFB29480068B0F5167F07DB0020264984
:1062C000086023480088401C214908803DE040F2D6
:1062D000FB4200211F480068F8F7C6FB1E48006813
:1062E00040F2E241884207DB00201B490860184861
:1062F0000088401C1649088027E040F6F61200216D
:1063000014480068F8F7B0FB13480068B0F5FA7F4E
:1063100007DB0020104908600D480088401C0C492C
:10632000088012E040F6F61200210A480068F8F7EB
:106330009BFB09480068B0F5FA6F04DB00200649B2
:1063400008600349088000E000BF00BF00BD0000F6
:106350003C030024400300244403002441000802BD
:1063600018BF04200A0E18BF40F001004FF07F4212
:1063700032EA010108BF40F00200012808BF0520F1
:106380007047000002480068C0F302207047000018
:106390000CED00E010B5002804DB0A07130E054AD7
:1063A000135406E00A07140E034A00F00F031B1FE4
:1063B000D45410BD00E400E018ED00E070B54FF0DB
:1063C00068422DED048BF0EE408A18EE900AB0EE94
:1063D000608A18EE101A02EB4003B3F1654F3CBF20
:1063E00002EB4102B2F1654F7DD200BFC0F3C7534B
:1063F000C1F3C7529A1A1B2A09DD10F0004F14BFCF
:106400009FED830A9FED830ABDEC048B70BD12F1F2
:106410001A0F36DA11F0004F09D010F0004F0CBF00
:106420009FED7D0A9FED7D0ABDEC048B70BD88EE6B
:10643000889A19EE100AFFF791FF042808BF00F0B0
:1064400013FA18EE900AFFF789FF054618EE100AB6
:10645000FFF784FF044619EE100AFFF77FFF042DB3
:1064600018BF052D08D1042C18BF052C04D1002815
:1064700004BF022000F010FAB0EE490ABDEC048B14
:1064800070BD4200B2EB410F3AD910F0004F19BF76
:10649000DFED630A9FED630ADFED630A9FED630A98
:1064A000B0EE481A0A46B1EE688A80F00041F0EE7C
:1064B000418A10460A1A5200B2F1807F34D2484015
:1064C00010F0004FDFED5A1A9FED5A2A1DBF9FEDC5
:1064D0005A1A70EEE10A30EE420A9FED581A08BFD0
:1064E00070EEA10A00E040E008BF30EE020AB0EE14
:1064F000682A01EE482A08EE818AC2EE081A15E0E1
:1065000011F0004F04BF9FED4E0AF0EE400AD1D0CB
:1065100010F0004F19BFDFED4B0A9FED4B0ADFED86
:106520004B0A9FED4B0AC5E7C8EE881A21EEA11A67
:106530009FED482ADFED482A41EE022A9FED472AC7
:1065400001EE222ADFED462A41EE022A9FED452A7E
:10655000BDEC048B01EE222A21EE811A01EE020A23
:1065600030EE210A30EE200A70BD4FF07F42B2EBD0
:10657000400F28BFB2EB410F09D2F0EE480AB0EE4F
:10658000680ABDEC048BBDE8704000F069B940EAD0
:1065900001035B0008BF41F0FF410BD0B2EB400F9D
:1065A00008BFB2EB410F08D120F0804008EE900AFE
:1065B00021F0804108EE101A18E7B2EB400F12BF2D
:1065C0005FEA410340F0FF4001F000413FF40EAFAD
:1065D000B2EB410F12BF5FEA400200F0004041F011
:1065E000FF413FF403AF4A0092EA40033FF5FEAE9D
:1065F000002AACBF9FED1C0A9FED1C0A68EE808A42
:1066000028EE008A18EE900A18EE101AEEE6000046
:10661000DB0FC9BFDB0FC93FDB0F4940DB0F49C0B0
:106620000000C9BF22AAFDB90000C93F22AAFD3956
:106630000060ED3EC30ACE37000000BF0000003FFF
:1066400000000000000049C022AA7DBA00004940B5
:1066500022AA7D3A2DAD65BD8FB8D53D0FB511BECF
:1066600061C84C3EA8AAAABE0000804F0000802F3F
:1066700010B52DED040B86B09DED060B10EE101A33
:1066800010EE900A8DED000B002918BF0121084380
:1066900020F00040C0F17F6000F1E040C00F21D148
:1066A0009DED080B10EE101A10EE900A8DED000B08
:1066B000002918BF0121084320F00040C0F17F608D
:1066C00000F1E040C00F0DD127490798B1EB400F12
:1066D00004BF069800283ED00998400004BF0898DF
:1066E000002838D09DED080B53EC102B9DED060BC8
:1066F00051EC100BE9F7FEFECDE902019DED020B16
:1067000040F2FF7110EE900A8DED000B31EA10504F
:106710001DD00798039900F0004001F00041884225
:1067200015D09DED080B8DED040B9DED020B8DED4D
:10673000000B10EE900A059961F31E0005909DED87
:10674000040B9DED021B31EE400B8DED020B9DED18
:10675000020B0AB010BD012000F09EF80AB0BDE89F
:10676000104000F071B800000000E0FF10B52DED02
:10677000028BB0EE408A18EE100AE9F79DFE01EE9A
:10678000100A18EE100A9FED200A78EE410A10F068
:10679000004F4FF07F4010EE901A12D0B1F13F4FF2
:1067A00024BF10EE901AB0EB410F12D210EE901AE7
:1067B000B1F17C5F1CDD10EE901AB0EB410F17D3E6
:1067C00014E0B1F13F4F07D910EE901AB0EB410F32
:1067D00002D331EE401A0BE010EE901AB1F17C5F5B
:1067E00006DB10EE901AB0EB410F01D331EE001A28
:1067F00018EE100ABDEC028B11EE101A61F31E00A8
:1068000000EE100A10BD00000000803F10B52DED15
:10681000028BB1EEC08A18EE100A20F00040C0F1E1
:10682000FF40C00F0AD010EE100A20F00040C0F167
:10683000FF40C00F04BF012000F02EF8B0EE480A60
:10684000BDEC028B10BD00009FED031B81EE010B20
:106850007047000000000000000000000000000081
:1068600030EE200A704700009FED020A20EE000A79
:10687000704700000000001002E008C8121F08C1A5
:10688000002AFAD170477047002001E001C1121FB1
:10689000002AFBD1704700000149086070470000E2
:1068A000540400242DE9F0412DED068B06460C46DC
:1068B0001546F0EE408AB0EE609AF0EE419AAC4296
:1068C00003DD20462C46054600BFAC420CD1B0EE9D
:1068D000680AFFF74BFFBDEEC00A10EE100A00B2C7
:1068E000BDEC068BBDE8F081A64201DA204604E04B
:1068F000AE4201DD284600E030460746381B00EE78
:10690000100AF8EEC00A281B00EE100AB8EEC00A02
:1069100080EE80AA39EE680AB0EE688A0AEE008A34
:1069200000BFB0EEC80AB4EEE90AF1EE10FA03D2E5
:106930009FED060AB0EE408AB0EE480AFFF716FF58
:10694000BDEEC00A10EE100A00B2C9E70000000058
:10695000B0EE401A80ED011AC0ED020A90ED040A73
:1069600080ED050A90ED030A80ED040A90ED010A1E
:10697000D0ED021A30EE610A80ED030A90ED030AB1
:10698000DFED851AB4EEE10AF1EE10FA08DB90EDC6
:10699000030ADFED821A30EE610A80ED030A10E08F
:1069A00090ED030ADFED7E1AB4EEE10AF1EE10FA83
:1069B00007D890ED030ADFED791A30EE210A80ED59
:1069C000030A90ED030AF0EEC01A90ED0E0AF4EE01
:1069D000C01AF1EE10FA6EDB017801297FD190ED3B
:1069E0000C0AB5EEC00AF1EE10FA08D090ED060AD6
:1069F000D0ED031A30EE210A80ED060A03E09FED88
:106A0000690A80ED060A00BF90ED060AD0ED0F1A64
:106A1000B4EEE10AF1EE10FA04DD90ED0F0A80ED1C
:106A2000060A10E090ED060AD0ED0F1AF1EE611A99
:106A3000B4EEE10AF1EE10FA05D290ED0F0AB1EED4
:106A4000400A80ED060A00BF90ED0B0AD0ED031A54
:106A500020EE210A80ED070A90ED0C0AD0ED061A0F
:106A600020EE210A80ED080A90ED030AD0ED041A09
:106A700030EE610AD0ED0D1A20EE210A80ED090AF0
:106A800090ED070AD0ED081A30EE210AD0ED091A70
:106A900030EE210A80ED0A0A00BF90ED0A0AD0ED1F
:106AA000101AB4EEE10AF1EE10FA06DD90ED100ACC
:106AB00080ED0A0A12E06CE011E090ED0A0AD0EDD8
:106AC000101AF1EE611AB4EEE10AF1EE10FA05D2F5
:106AD00090ED100AB1EE400A80ED0A0A59E0017803
:106AE000022956D190ED030AD0ED041A30EE610A66
:106AF000D0ED0B1A20EE210A80ED070A90ED0C0A6A
:106B0000D0ED031A20EE210A80ED080A90ED030A69
:106B1000D0ED041AB0EE002A02EE610AD0ED051A9B
:106B200030EE210AD0ED0D1A20EE210A80ED090A7F
:106B300090ED070AD0ED081A30EE210AD0ED091ABF
:106B400030EE210AD0ED0A1A30EE210A80ED0A0A51
:106B500000BF90ED0A0AD0ED101AB4EEE10AF1EE92
:106B600010FA04DD90ED100A80ED0A0A10E090EDB5
:106B70000A0AD0ED101AF1EE611AB4EEE10AF1EE54
:106B800010FA05D290ED100AB1EE400A80ED0A0A23
:106B900000BF90ED0A0A7047002474490000904934
:106BA000002474C900000000014671EE602AF0EE76
:106BB000621AB0EE602A30EE423A01208840401E50
:106BC00002EE900AF8EEE22A63EE222A82EEA13A61
:106BD000FCEEC32A12EE900A80B27047F7F7F4F980
:106BE000EEF718FEF8F77CFEF7F746FB0122D1031B
:106BF0001A48EEF7F7FD40F2DC50EDF7E7FCF7F747
:106C000029FAF7F70DFAF7F747FAF7F787FAF7F7E0
:106C1000C7FAF7F713FDF7F7DBFCF7F7E5FBF7F734
:106C20009DFCF7F713FCF7F763FCE9F781FDE9F743
:106C300099FD40F2DC50EDF7C9FCF8F7CAFD0848B1
:106C4000F2F7CCFA04210748F2F7B8FD00F01CF87F
:106C5000F7F7E8FA00F032F800BFFEE70008025844
:106C6000380700248407002470B50546F3F7DBFDE0
:106C700010B16FF0050404E0002415B1284601F0BE
:106C80001FF9204670BD000070B5F3F7CCFD10B1C0
:106C90006FF005040EE001F073FD0546012D07D1EC
:106CA0000548006820B9012003490860002401E07C
:106CB0004FF0FF34204670BD7800002470B5F3F724
:106CC000B2FD10B16FF0050424E001F059FD054656
:106CD000012D1DD110480068012819D100BF801F67
:106CE0000021002804DB0A07130E0C4A135406E0A7
:106CF0000A07160E0A4A00F00F031B1FD65400BFE6
:106D000000BF02200449086001F06AF9002401E094
:106D10004FF0FF34204670BD7800002400E400E00E
:106D200018ED00E02DE9FF47804689461446002013
:106D30000390F3F778FD00284ED1B8F1000F4BD047
:106D4000802618258246471E44B3206808B1D4F82F
:106D500000A0A06900B1A5692DB1382D03D8207914
:106D600000F0010018B1002004B0BDE8F0876069B0
:106D700008B160698608A06840B1E0685C2805D366
:106D8000206918B1606908B1012708E0A06830B92E
:106D9000E06820B9206910B9002700E00027012F22
:106DA0000CD12169A0684B463246CDE900510290D2
:106DB0005146404601F082FC03900DE067B903A8FC
:106DC000B2B24B465146CDE90050404601F040FC7E
:106DD000012801D0002003900398C5E72DE9F04178
:106DE00005460E462148076821480068001D00F04E
:106DF00019FF681CE0B9DEB100BF1E4948681C4994
:106E0000096888601A4982680968CA60184909686F
:106E1000091D8268516016490968091D8160154A7B
:106E2000134909684A6111460968491C11601AE052
:106E30007C190F4800684460BC4207D20C480168C6
:106E4000091D0D48006800F029FF0CE008480168A2
:106E5000091D0A48006800F021FF094800688442C3
:106E600001D207480460BDE8F0810000380000242A
:106E700024000024B80F00242C0000242800002443
:106E80005400002410B5044600F022FF3348006887
:106E9000401C324908603248006840B930480460FC
:106EA0000846006801280DD100F0DEF90AE02D48FF
:106EB000006838B92A480068C06AE16A884201D887
:106EC0002748046028480068401C27490860084695
:106ED0000068606400BF00BF2449E06A0968884216
:106EE00002D92249E06A086000BF00BFE16A01EBF5
:106EF00081011F4A02EB81014868A0608268E2605C
:106F0000211D826851608160E16A01EB8101184AAC
:106F100002EB81026261E16A01EB8101144A52F8DD
:106F20002110491CE26A02EB8202114B43F8221045
:106F300000BF00BF00F0F6FE0A48006868B10848CC
:106F40000068C06AE16A884207D24FF08050094960
:106F50000860BFF34F8FBFF36F8F10BD3400002464
:106F60002400002440000024500000243C000024A1
:106F7000080B002404ED00E008B500F0A9FE12485B
:106F80000068E8B9114800F079FE114800F076FE7B
:106F90000E48104908600E480F49086000200F4B4A
:106FA0000F4A102100900A2001F09AF90649086062
:106FB0000846006820B10BA10348006800F02AFFD2
:106FC00000F0B0FE08BD00006C000024CC0F0024CF
:106FD000E00F00246400002468000024F40F002463
:106FE00044100024546D72510000000010B516E0EA
:106FF00000F06EFE0C48C068C468201D00F012FE50
:107000000A480068401E0949086009480068401E97
:107010000749086000F086FE204600F020F804488A
:1070200000680028E4D110BDA40F0024340000241F
:107030003000002470B504460D46206C70B1216C00
:10704000E0680144E160D4E90210884201D321687C
:10705000E1602846226CE168E9F7EBF970BD10B5F4
:10706000044694F8590030B9206B00F079FE2046B0
:1070700000F076FE1AE094F85900012803D120466A
:1070800000F06EFE12E094F85900022801D10120B0
:1070900000E0002050B900BF502080F31188BFF3FA
:1070A0004F8FBFF36F8F00BF00BFFEE710BD000022
:1070B0000146084A126812680AB9012200E000225B
:1070C0000A600A6822B9034A1268D268106800E0B0
:1070D000002070476400002430B54FF47053154809
:1070E00000F007042CB1C01D20F00700114C041B58
:1070F0001B1B0246104C226000240F4D6C60D01800
:10710000083820F007000D4C206000240B4D2D683E
:107110006C600A4D2D682C601146441A4C60074C77
:1071200024680C60064D4C682C60064D4C682C6041
:1071300030BD00009C1700247C0000248400002443
:107140008C0000248800002400BFFFF74FFF064892
:1071500000680128F9D94FF0805004490860BFF356
:107160004F8FBFF36F8FF0E7080B002404ED00E0B2
:107170002DE9F04106460D4617469846069C0DB986
:10718000246000E02760E66325640121204601F0C9
:10719000F5F884F84C80BDE8F0812DE9F05F824677
:1071A0000F4690469B460A9E0C9C4FEA8801A522FA
:1071B000206BE9F750F9A8F10100216B01EB800980
:1071C00029F0070909F0070008B9012000E00020B4
:1071D00050B900BF502080F31188BFF34F8FBFF329
:1071E0006F8F00BF00BFFEE77FB1002507E0795D2C
:1071F00004F134004155785D00B902E06D1C102D9A
:10720000F5D300BF002143200155382E01D20120C3
:1072100000E0002050B900BF502080F31188BFF378
:107220004F8FBFF36F8F00BF00BFFEE7382E00D334
:107230003726E662E664201D00F02DFD04F11800FB
:1072400000F029FD2461C6F13800A06164625A464D
:107250005146484600F020FB20600B9808B10B987F
:107260000460BDE8F09F000010B5002407E004EBC7
:1072700084010F4A02EB810000F000FD641C382CF1
:10728000F5D30C4800F0FAFC0B4800F0F7FC0B4873
:1072900000F0F4FC0A4800F0F1FC0A4800F0EEFCB3
:1072A00004480949086004480849086010BD000006
:1072B000080B0024680F00247C0F0024900F00248A
:1072C000A40F0024B80F0024280000242C00002460
:1072D00010B50146164800E0006803688B42FBD3F6
:1072E0000246436813448B4204D143684C682344EC
:1072F000436001460A464B6813440468A34211D117
:107300000C4C03682468A34208D04B680468646886
:1073100023444B6003681B680B6005E0054B1B684A
:107320000B6001E003680B60884200D0016010BD73
:107330007C000024840000242DE9F04104460D4621
:1073400016461F464FF0000865602461B5420CD810
:10735000F01BA169884202D34FF0010811E0211D02
:107360000948006800F09AFC0BE0BE4204D2BD421E
:1073700002D34FF0010804E0211D0448006800F02A
:107380008DFC4046BDE8F0816800002464000024C4
:1073900070B5054600F09CFCA86B08B9012400E01C
:1073A000002400F0BFFC204670BD000070B505460B
:1073B0000E460E480068C068C468201D00F032FC0C
:1073C00094F8280000F0040028B1324629462046EF
:1073D00000F0EEF805E094F8280000F0FE0084F8D4
:1073E00028002046216A884770BD00006400002400
:1073F00070B586B094E00298002811DA03AE56B951
:1074000000BF502080F31188BFF34F8FBFF36F8F01
:1074100000BF00BFFEE7D6E90020B168904700BF7B
:10742000029800287CDB049C606908B9012000E018
:10743000002010B9201D00F0F5FB01A800F0E4F8D1
:10744000054602980A2869D2DFE800F06805072E91
:10745000365806082F3700BF00BF00BF94F8280039
:1074600040F0010084F828000398A26981180346BF
:107470002A462046FFF760FFA8B194F8280000F0E4
:10748000040038B10398A26981182A46204600F00A
:107490008FF805E094F8280000F0FE0084F828003A
:1074A0002046216A88473AE000BF94F8280000F09F
:1074B000FE0084F8280032E000BF94F8280040F075
:1074C000010084F828000398A061A06908B1012098
:1074D00000E0002050B900BF502080F31188BFF3B6
:1074E0004F8FBFF36F8F00BF00BFFEE7A069411948
:1074F0002B462A462046FFF71FFF10E094F828008D
:1075000000F0020018B9204600F02AFC05E094F8CB
:10751000280000F0FE0084F8280000E000BF00BF53
:10752000002202A90448006800F096FF00287FF4BA
:1075300062AF06B070BD00006C000024F8B50546CF
:107540000C4600F0ADFD684600F05EF80646009877
:1075500020BB44B9B54206D801F0A8FA3146284606
:10756000FFF724FF1CE03CB10E480068006808B932
:10757000012000E000200446A91B22460A480068BA
:1075800000F078FC01F092FA50B94FF080500749B2
:107590000860BFF34F8FBFF36F8F01E001F086FAF1
:1075A000F8BD0000680000246C00002404ED00E039
:1075B00070B504460D46164604E0A0690544204611
:1075C000216A8847A06941192B4632462046FFF7B9
:1075D000B3FE0028F1D170BD09480068006808B901
:1075E000012000E0002020B14FF0FF300549086085
:1075F00005E003480068C0680068024908607047F9
:10760000280000245400002470B5044601F0C8F896
:10761000054607480068854204D200F00BF80120B7
:10762000206001E00020206001480560284670BD10
:107630007400002470B508E00D480068C068046854
:107640004FF0FF312046FFF7B1FE0948006800689F
:1076500008B9012000E000200028EDD004480568AA
:1076600004480068024908600248056070BD0000D7
:1076700064000024680000240E480068401C08B91B
:10768000012000E0002050B900BF502080F3118895
:10769000BFF34F8FBFF36F8F00BF00BFFEE700BF88
:1076A000502080F31188BFF34F8FBFF36F8F00BF5F
:1076B00000BFFEE79800002408B500BF6846FFF74A
:1076C000F7FC044620460099FFF738FFFFF790FECD
:1076D000F4E770B5044600F0FBFA94F9455010E069
:1076E000606A08B9012000E0002038B904F12400E4
:1076F00001F042F918B100F01DFC00E003E0681E43
:1077000045B2002DECDC00BFFF2084F8450000F0FE
:1077100009FB00F0DDFA94F9445010E0206908B943
:10772000012000E0002048B904F1100001F024F924
:1077300008B100F0FFFB681E45B200E001E0002D3B
:10774000ECDC00BFFF2084F8440000F0EBFA70BDD1
:107750002DE9F04704464FF0000900F0A1FC49482C
:10776000006808B9FFF7B8FCDCB114F1090F01D9C2
:10777000012000E0002098B9083404F0070080B12F
:1077800004F00700C0F10808C8F1FF30A04201D2A0
:10779000012000E0002008B9444402E0002400E099
:1077A0000024012000EBE470002853D0002C51D0BD
:1077B0003548006884424DD8344E3046056801E0B3
:1077C0002E462D686868A04202D228680028F7D1AA
:1077D0002C48006885423DD0306800F108092868CF
:1077E00030606868001B102819D92F1907F00700AE
:1077F00008B9012000E0002050B900BF502080F3FC
:107800001188BFF34F8FBFF36F8F00BF00BFFEE73C
:107810006868001B78606C603846FFF759FD1A49AC
:1078200068680968081A1849086008460068184915
:107830000968884203D214480068154908606868DE
:1078400040F0004068600020286012480068401C3A
:107850001049086001F02AF909F0070008B9012071
:1078600000E0002050B900BF502080F31188BFF322
:107870004F8FBFF36F8F00BF00BFFEE74846BDE8E4
:10788000F087000084000024880000247C0000248D
:107890008C00002490000024001F4FF080730360D0
:1078A000001F21F001030360001F054B0360143823
:1078B0000260001F6FF00203036020387047000071
:1078C000797601081CB529492948F7F759FA29485A
:1078D00090ED3B0ABDEEC00A10EE100A00B2264938
:1078E00091ED3B0ABDEEC00A10EE101A09B2CDE9C7
:1078F0000010224890ED3B0ABDEEC00A10EE100ABF
:1079000003B21F4890ED3B0ABDEEC00A10EE100A0C
:1079100002B240F2FF111B48EAF77AF81A4890EDDC
:107920003B0ABDEEC00A10EE100A00B2174991EDF5
:107930003B0ABDEEC00A10EE101A09B2CDE90010E4
:10794000134890ED3B0ABDEEC00A10EE100A03B2D8
:10795000104890ED3B0ABDEEC00A10EE100A02B2CC
:107960004FF400710C48EAF753F81CBD745400241E
:10797000FC530024C05900242458002488560024B5
:10798000EC540024F804002430600024945E0024A9
:10799000F85C00245C5B00249805002430B58BB0B3
:1079A00004460D46FF208DF824008DF825008DF843
:1079B00026008DF827008DF828008DF829008DF815
:1079C0002A00FE208DF82B00A07F28440090002084
:1079D0000190029008200390002004904FF4801042
:1079E00005904000069000200790089009AA69467B
:1079F00004F12000ECF752FE0BB030BDB0EE401A9F
:107A000030EEC10AF0EE401AB0EE412A00EE100A44
:107A1000B8EE400A60EE212A01228A40521E00EE92
:107A2000102AB8EEC03A82EE830A30EE020A70479E
:107A30001FB52B4801210823CDE90031294B002235
:107A4000CDE9021004212848EAF7E8FB2748012184
:107A50000823CDE90031234B0A46CDE90210244822
:107A6000EAF7DCFB2348012102220723CDE900329B
:107A7000CDE902101B4B102205211F48EAF7CEFB6F
:107A80001E48012102220723CDE90032CDE9021070
:107A9000144B06211A48EAF7C1FB1A4801210222B9
:107AA0000723CDE90032CDE902100E4B2022072139
:107AB0001548EAF7B3FB154B0E4A01211448EAF7C3
:107AC000FDFB144B0D4A01211148B830EAF7F6FBD3
:107AD000114B0C4A01211148EAF7F0FB1FBD0000D1
:107AE000E802002458040024C06800240003002495
:107AF000186A0024580200249062002470020024B6
:107B0000E86300248802002440650024A0020024C9
:107B100098660024B8020024D002002408680024DB
:107B200010B536480078012867D100203349087025
:107B300033480068092860D132480078AA285CD10F
:107B40003048007A552858D12E4840782D498978F8
:107B500040EA012000B22C4908802A48C07829490F
:107B6000097940EA012000B2284908802548407977
:107B70002449897940EA012000B22549088021483A
:107B8000C07940B223490870B7EE001AF2EE040A39
:107B9000BAEE040A4FF4FA6251421B48B0F90000F1
:107BA000F6F7ACFDB1EE400A1B4880ED000AB7EED7
:107BB000001AF2EE040ABAEE040A4FF4FA625142D5
:107BC0001248B0F90000F6F799FD144880ED000A5C
:107BD000B7EE001AF2EE040ABAEE040A4FF4FA62A3
:107BE00051420B48B0F90000F6F788FD0C4880EDD3
:107BF000000A09210348E8F739FE10BDA803002454
:107C0000AC0300245C700024E4010024E60100249D
:107C1000E8010024F0010024D8010024DC01002444
:107C2000E001002401460A69D1E901309860D1E9F8
:107C3000010358605068884201D188685060002074
:107C400008611068401E106010687047034B0360A5
:107C5000034B0B608023136070470000E410002486
:107C600040110024034B0360034B0B604FF48073FF
:107C700013607047401300249C13002400F1080196
:107C800041604FF0FF31816000F10801C160016186
:107C900000210160704700210161704710B5024664
:107CA0000B685C1C0CB9106907E002F1080000E0E9
:107CB0004068446824689C42FAD944684C604C6827
:107CC000A160886041600A611468641C146010BD82
:107CD00000BF502080F31188BFF34F8FBFF36F8F29
:107CE00000BF0E480068401C0C4908600846006848
:107CF000012812D10A480068C0B208B9012000E08A
:107D0000002050B900BF502080F31188BFF34F8F7F
:107D1000BFF36F8F00BF00BFFEE7704798000024DD
:107D200004ED00E00D48006850B900BF502080F31A
:107D30001188BFF34F8FBFF36F8F00BF00BFFEE707
:107D400006480068401E054908600846006820B9DA
:107D5000002080F3118800BF00BF70479800002406
:107D600070B506463546002E3BD0083D2C4660686F
:107D7000C00F50B900BF502080F31188BFF34F8F60
:107D8000BFF36F8F00BF00BFFEE7206808B9012076
:107D900000E0002050B900BF502080F31188BFF3ED
:107DA0004F8FBFF36F8F00BF00BFFEE76068C00F4B
:107DB000B8B12068A8B9606820F00040606000F0A9
:107DC0006FF9084960680968084406490860204658
:107DD000FFF77EFA04480068401C0349086000F081
:107DE00065FE70BD880000249400002400204FF040
:107DF000E02108618861064800684FF47A71B0FBA1
:107E0000F1F0401E4FF0E021486107200861704703
:107E10001C00002430B502460B46002152B900BFB9
:107E2000502484F31188BFF34F8FBFF36F8F00BFCF
:107E300000BFFEE7BBB1002012E00D4C04EBC00414
:107E40006468944203D10A4C04EBC0010AE031B9E2
:107E5000074C54F8304014B9054C04EBC001401CE9
:107E60000828EAD300BF09B10B604A6030BD0000AA
:107E7000C80A00242DE9F04105460E4617462C4657
:107E8000FFF726FF94F94400401C10B9002084F845
:107E9000440094F94500401C10B9002084F84500C6
:107EA000FFF740FFA06B28B93A46314604F12400A1
:107EB00000F062F82046FFF70CFCBDE8F0810000FE
:107EC00070B504460025D4B11248006808B90120F5
:107ED00000E0002050B900BF502080F31188BFF3AC
:107EE0004F8FBFF36F8F00BF00BFFEE700F0D8F8E1
:107EF00000212046FEF772FF00F0D8FD05463DB98F
:107F00004FF0805004490860BFF34F8FBFF36F8F6D
:107F100070BD00006000002404ED00E00349096822
:107F20000160034909684160704700004C0000246B
:107F300038000024012001490860704748000024EF
:107F400070B504460D4654B900BF502080F3118827
:107F5000BFF34F8FBFF36F8F00BF00BFFEE7054831
:107F6000016818312046FFF799FE01212846FEF7E7
:107F700035FF70BD2400002470B504460E4615463A
:107F800054B900BF502080F31188BFF34F8FBFF367
:107F90006F8F00BF00BFFEE700BF60680F49096830
:107FA000C8610E49826809680A620C49096818317B
:107FB0008268516009490968183181600749096878
:107FC0008C622168491C216000BF0DB14FF0FF3663
:107FD00029463046FEF702FF70BD00002400002451
:107FE00010B586B000200590049003AA04A905A846
:107FF000FFF72CFE0022DDE904101346CDE9002135
:1080000002901FA12048039A00F058FB1F49086006
:108010000846006808B1012400E00024012C02D1C8
:1080200000F00CFE0446012C15D100BF502080F357
:108030001188BFF34F8FBFF36F8F00BF4FF0FF303A
:1080400013490860012013490860002012490860A4
:1080500000F078F810E0601C08B1012000E000207A
:1080600050B900BF502080F31188BFF34F8FBFF38A
:108070006F8F00BF00BFFEE70848006806B010BD64
:1080800049444C4500000000497101085800002493
:108090005400002440000024380000245C00002428
:1080A00002480068401C01490860704760000024D5
:1080B0001F48006818B101201E49086036E0002002
:1080C0001C49086000BF1C4801680CE051B900BFA2
:1080D000502080F31188BFF34F8FBFF36F8F00BF25
:1080E00000BFFEE7491E01EB8100144A52F8200050
:1080F00008B9012000E000200028E7D100BF01EB13
:1081000081020E4B03EB820042685268426000F12C
:1081100008024368934201D1C26842604268D26853
:10812000074B1A6000BF0448016000BF70470000A1
:1081300060000024480000243C000024080B0024B8
:10814000240000240EB5524800685249884201D0EC
:10815000012000E0002050B900BF502080F31188BA
:10816000BFF34F8FBFF36F8F00BF00BFFEE74848DC
:1081700000684849491E884201D0012000E00020E3
:1081800050B900BF502080F31188BFF34F8FBFF369
:108190006F8F00BF00BFFEE7002001903E490846F8
:1081A00000780290FF200A46107008460078009080
:1081B0009DF8000000F05000384A1070104600781A
:1081C00050B900BF502080F31188BFF34F8FBFF329
:1081D0006F8F00BF00BFFEE79DF800205020904346
:1081E00008B9012000E0002050B900BF502080F302
:1081F0001188BFF34F8FBFF36F8F00BF00BFFEE743
:1082000007E00198401C01909DF800004006000E18
:1082100000909DF8000000F080008028F1D00198C7
:10822000082803D100201E4A106004E00198C0F124
:1082300007001B4A10601A4800680002184A1060C4
:108240001046008800F4E06010609DF80800124AB3
:1082500010700F482030006840F47F000C49203136
:1082600008600846006840F07F400860FFF7BEFDE8
:1082700000200C490860E8F759F80B48006840F006
:10828000404009490860E8F73DF800200EBD0000B5
:1082900000ED00E071C20F4100E400E09C0000240A
:1082A000A00000249800002434EF00E010B500BFC7
:1082B000502080F31188BFF34F8FBFF36F8F00BF43
:1082C00000F074FA18B14FF080500449086000BF04
:1082D000002080F3118800BF10BD000004ED00E015
:1082E0002DE9F84380460E4617461C46DDF82090DF
:1082F000002554B900BF502080F31188BFF34F8F81
:10830000BFF36F8F00BF00BFFEE7B8F1000F25D0AD
:1083100024B307B116B307B906BB502000900098EC
:10832000502801D1012000E0002050B900BF5020AA
:1083300080F31188BFF34F8FBFF36F8F00BF00BF73
:10834000FEE700BF2546012085F846004B463A4629
:10835000314640460095FEF70BFF0BE055B900BFD4
:10836000502080F31188BFF34F8FBFF36F8F00BF92
:1083700000BFFEE72846BDE8F88300002DE9F04184
:1083800005460E4601272C4654B900BF502080F305
:108390001188BFF34F8FBFF36F8F00BF00BFFEE7A1
:1083A000002C42D0E06B00283FD04FF0FF31E06B53
:1083B000B1FBF0F0216C884237D3FFF789FCD4E998
:1083C0000F12206801FB0200A0600020A06320685B
:1083D0006060E06B401E226C216800FB0211E160CE
:1083E000FF2084F8440084F845009EB9206908B94C
:1083F000012000E00020A8B904F1100000F0BCFA50
:1084000080B14FF0805013490860BFF34F8FBFF326
:108410006F8F07E004F11000FFF730FC04F1240037
:10842000FFF72CFCFFF77EFC00E000270FB10120D6
:1084300000E0002050B900BF502080F31188BFF346
:108440004F8FBFF36F8F00BF00BFFEE73846BDE818
:10845000F081000004ED00E02DE9F74183B005460E
:108460000E464FF000082C4654B900BF502080F350
:108470001188BFF34F8FBFF36F8F00BF00BFFEE7C0
:108480000EB9206C08B9012000E0002050B900BFEF
:10849000502080F31188BFF34F8FBFF36F8F00BF61
:1084A00000BFFEE700F06CF908B9059808B9012093
:1084B00000E0002050B900BF502080F31188BFF3C6
:1084C0004F8FBFF36F8F00BF00BFFEE700BFFFF706
:1084D000FFFBA76BF7B131462046FEF7ABFD781ED8
:1084E000A063206908B9012000E0002060B904F110
:1084F000100000F041FA38B14FF080502F49086069
:10850000BFF34F8FBFF36F8FFFF70CFC012006B056
:10851000BDE8F081059818B9FFF704FC0020F6E7E4
:10852000B8F1000F04D101A8FFF7F8FC4FF00108E3
:10853000FFF7F8FBFFF7B4FDFFF7CAFB94F944001F
:10854000401C10B9002084F8440094F94500401CF8
:1085500010B9002084F84500FFF7E4FB05A901A845
:1085600000F02EF8F0B92046FEF712FFA0B104F19A
:1085700024000599FFF7E4FC2046FFF7AAF800F075
:1085800095FA0028A3D14FF080500C490860BFF342
:108590004F8FBFF36F8F9AE72046FFF79AF800F0EE
:1085A00085FA94E72046FFF794F800F07FFA20461A
:1085B000FEF7EEFE00288AD00020A8E704ED00E0D8
:1085C00070B505460C4655B900BF502080F31188A0
:1085D000BFF34F8FBFF36F8F00BF00BFFEE754B9EB
:1085E00000BF502080F31188BFF34F8FBFF36F8F10
:1085F00000BF00BFFEE7FFF76BFB13480268686827
:10860000131A2068401C08B9002619E00F49286891
:108610000968884206D06868904203D80126002085
:1086200020600DE02068984207D92068C01A2060B9
:108630002846FFF773FC002602E000202060012698
:10864000FFF770FB304670BD380000244C0000245A
:108650002DE9FF4F85B0804689461746DDE912AB0C
:10866000B800FFF775F8064676B15C20FFF770F8A2
:1086700004462CB15C212046E7F7F4FE266304E0B3
:108680003046FFF76DFB00E000248CB1002084F839
:108690005900CDE900ABCDE902403A464946404693
:1086A000089BFEF77AFD2046FEF7ECFB012501E072
:1086B0004FF0FF35284609B0BDE8F08F2DE9F04FA7
:1086C00085B00746884691469A46DDE90EB6109C6D
:1086D0000EB1012000E0002050B900BF502080F30F
:1086E0001188BFF34F8FBFF36F8F00BF00BFFEE74E
:1086F0000CB1012000E0002050B900BF502080F3F1
:108700001188BFF34F8FBFF36F8F00BF00BFFEE72D
:108710005C20039003985C2801D1012000E0002038
:1087200050B900BF502080F31188BFF34F8FBFF3C3
:108730006F8F00BF00BFFEE700BFD4B1CEB12546AA
:108740005C212846E7F78EFE2C462E63022085F832
:108750005900002004A953464A46CDE900B1CDE9AD
:10876000025041463846FEF718FD2846FEF78AFBC0
:1087700001E000200490049805B0BDE8F08F0000EF
:108780000549096809B9012005E00449096809B9E2
:10879000022000E000207047400000246000002418
:1087A0000149086870470000380000242DE9F041B5
:1087B0004FF000086548006800287DD164480068D3
:1087C000451C634805601DBB00BF62480068006827
:1087D00008B9012000E0002050B900BF502080F30C
:1087E0001188BFF34F8FBFF36F8F00BF00BFFEE74D
:1087F0005848076858480068564908605648076056
:1088000056480068401C55490860FEF7E5FE00BF69
:108810005348006885427FD300BF4E480068006817
:1088200008B9012000E0002020B14FF0FF304C4992
:10883000086070E047480068C068C4686668B54270
:1088400002D24748066066E000BF6069D4E90212C0
:108850008A60D4E902214A60211D42688A4201D11E
:10886000E1684160002262610168491E016000BF49
:10887000A06AA0B100BFA06AD4E907128A60D4E957
:1088800007214A6004F1180142688A4201D1216A35
:1088900041600022A2620168491E016000BF00BF62
:1088A00000BF3049E06A0968884202D92D49E06A70
:1088B000086000BF00BF00E040E0E16A01EB810119
:1088C000294A02EB81014868A0608268E260211DAC
:1088D000826851608160E16A01EB8101224A02EB0A
:1088E00081026261E16A01EB81011F4A52F82110A5
:1088F000491CE26A02EB82021B4B43F8221000BFC4
:1089000000BF1A49E06A0968C96A884285D94FF0F0
:10891000010882E700E000BF14480068C06A00EB6D
:108920008000114951F82000012801D94FF00108B9
:108930000F48006808B14FF0010804E00D480068D6
:10894000401C0C4908604046BDE8F08160000024EE
:1089500038000024280000242C0000244C000024AF
:10896000540000243C000024080B002424000024B0
:10897000480000244400002470B50346D868C1684C
:1089800051B900BF502080F31188BFF34F8FBFF360
:108990006F8F00BF00BFFEE700BF886AD1E90745BF
:1089A000A560D1E90754656001F118044568A54246
:1089B00001D10C6A446000258D620468641E046065
:1089C00000BF34480068002843D100BF4869D1E99E
:1089D0000245A560D1E9025465600C1D4568A542B9
:1089E00001D1CC68446000254D610468641E0460B8
:1089F00000BF00BF00BF284CC86A2468A04202D94B
:108A0000254CC86A206000BF00BFCC6A04EB840418
:108A1000224D05EB8404606888608568CD600C1D7C
:108A200085686C608460CC6A04EB84041B4D05EBA4
:108A300084054D61CC6A04EB8404184D55F824403C
:108A4000641CCD6A05EB8505144E46F8254000BF31
:108A500011E000BF124C6068C86185680D6201F1C9
:108A6000180485686C6084600D4D8D622C46246806
:108A7000641C2C6000BF0B4CC86A2468E46AA042E6
:108A800004D901220120084C206000E00022104699
:108A900070BD0000600000243C000024080B00248E
:108AA000900F0024240000244800002470B5002406
:108AB00000265948006808B1012000E0002050B9A4
:108AC00000BF502080F31188BFF34F8FBFF36F8F2B
:108AD00000BF00BFFEE7FFF7FBF84F480068401EED
:108AE0004D4908600846006800286ED14B48006870
:108AF00000286AD064E04A48C068C46800BFA06A21
:108B0000D4E907128A60D4E907214A6004F1180108
:108B100042688A4201D1216A41600022A262016852
:108B2000491E016000BF00BF6069D4E902128A607B
:108B3000D4E902214A60211D42688A4201D1E168DC
:108B40004160002262610168491E016000BF00BFF0
:108B500000BF3449E06A0968884202D93149E06AB5
:108B6000086000BF00BFE16A01EB81012E4A02EB01
:108B700081014868A0608268E260211D82685160BE
:108B80008160E16A01EB8101274A02EB81026261A7
:108B9000E16A01EB8101244A52F82110491CE26A82
:108BA00002EB8202204B43F8221000BF00BF1F4996
:108BB000E06A0968C96A884202D901201C49086034
:108BC0001748006810B9012001E020E000200028CB
:108BD00091D00CB1FEF700FD1648056865B100BFE5
:108BE000FFF7E4FD10B10120114908606D1E002D52
:108BF000F6D100200F4908600D48006838B1012601
:108C000030070D490860BFF34F8FBFF36F8FFFF739
:108C100089F8304670BD0000600000243400002454
:108C2000900F00243C000024080B002424000024A2
:108C3000480000244400002404ED00E010B586B094
:108C40000024FEF799F916480068D0B1002005907D
:108C5000049003AA04A905A8FFF704F80222DDE99D
:108C600004100023CDE9002102900EA10F48039AC1
:108C7000FFF724FD0E4908600846006800B1012492
:108C800000BF54B900BF502080F31188BFF34F8F4D
:108C9000BFF36F8F00BF00BFFEE7204606B010BDD8
:108CA0006C000024546D722053766300B97601087D
:108CB00070000024108E0108000000000000000079
:108CC000000000000000000000020000180000008A
:108CD0000000000000000000FC8D01080000000002
:108CE000000000000000000000000000000800007C
:108CF000180000000000000000000000048E0108C1
:108D00000000000000000000000000000000000063
:108D10000008000018000000000000000000000033
:108D200000061016000610160001020304050607CF
:108D3000080C101418203040000000000000000053
:108D40000000000000000000000000000100000022
:108D5000020000000300000004000000000000000A
:108D600005000000000000000000000000000000FE
:108D700006000000000000000000000000000000ED
:108D800007000000010002000400060008000A00BD
:108D90000C001000200040008000000101010103D0
:108DA000070100000804020408010101000000009E
:108DB0000102030401020304060708090000003F42
:108DC0000000003F000000BF000000BF0000003FA7
:108DD000000000BF000000BF0000003F0000003F97
:108DE0000000003F000000BF000000BF0000003F87
:108DF000000000BF000000BF0000003F43616E5450
:108E000061736B004D6F74696F6E5461736B00001A
:108E100064656661756C745461736B003C8E010807
:108E20000000002458040000C8060008908F0108C4
:108E30005804002448870000886801080114321093
:108E400042013C90D003040137023B371AAA0101CA
:108E500014921E378040CDCCCC3D223F2320411BB5
:108E6000FA43040A46451848099A99193F04E78CC1
:108E70003B14190414409C450C4A60EA4618610AE8
:108E800053A01801165A802C0121022C010B1A0143
:108E9000FA6C3F803F6666E63F981B401C98092CA1
:108EA000186C333333B4190859E039303AC01839E3
:108EB0002C39181914091B181128093FCDCC4C3D29
:108EC000CDCC8C2019040B1DFA4318711944D11B09
:108ED000AFC4F20111180AD51601081D1701082D9B
:108EE000041A59041A99041AA1141AE50441131218
:108EF00001140202021640830440571D02010203BE
:108F00004314050F0C1C0107101721072204030945
:108F1000041A0313FD071B08F7041AB304132108EE
:108F20001B08610441130A0629472A409A480B99F5
:108F30000D0108950B0108E30F7C180A690C010864
:108F40008D0A01084B14C11A0D281AC91C1A55089C
:108F50001AB9081C0902439B111DC0320904E31A07
:108F6000020B13052416100105240118090104241D
:108F70000202052406B015058203081C100904D15D
:108F8000320A2E0705010240072A81076481018207
:04000005080002CD20
:00000001FF
